Bank,region,Animal-based energy,Bio-remediation,Buffering and attenuation of mass flows,Climate regulation,Dilution by atmosphere and ecosystems,Disease control,Fibres and other materials,Filtration,Flood and storm protection,Genetic materials,Ground water,Maintain nursery habitats,Mass stabilisation and erosion control,Mediation of sensory impacts,Pest control,Pollination,Soil quality,Surface water,Ventilation,Water flow maintenance,Water quality
Barclays,AT,0.0,0.0006306553224250533,0.0,0.00025201769255937145,0.0,0.0,0.0,8.048705969505367e-05,0.000873979137623807,0.0,0.0004057910557639673,0.0,0.0009349862277220547,0.00011548481323594326,0.0,0.0,0.0,0.00027076816768886465,0.0,0.0,1.5485486087226803e-05
Barclays,AU,0.0,0.0011172877489966076,0.0,0.0005547847606086693,0.0,0.0,0.0,0.00020769573426394994,0.0018120217627253083,0.0,0.0011252326726765695,0.0,0.002211084085279312,0.0002975180914480901,0.0,0.0,0.0,0.0009672180555975693,0.0,0.0,7.401431095663979e-05
Barclays,BE,0.0,0.026355023358123446,0.0,0.006506447655856613,0.0,0.0,0.0,0.005117157266682248,0.025047293019208706,0.0,0.01798674390973329,0.0,0.035097745545013936,0.007304288697140013,0.0,0.0,0.0,0.015240041715693313,0.0,0.0,0.0006334160440596914
Barclays,BG,0.0,3.390951717606638e-05,0.0,1.190649038491096e-05,0.0,0.0,0.0,3.529844262185295e-06,4.6297396148984216e-05,0.0,1.6607025196666065e-05,0.0,4.7541027279007555e-05,5.057096166244966e-06,0.0,0.0,0.0,1.5044306565721687e-05,0.0,0.0,8.323346306942186e-07
Barclays,BR,0.0,0.00041790939744866323,0.0,0.00013177897310590048,0.0,0.0,0.0,0.00013820291073497705,0.0006718697435449246,0.0,0.0003528878490566226,0.0,0.0007215890720297656,0.00019697171118244483,0.0,0.0,0.0,0.0005679713423614109,0.0,0.0,6.02707696719162e-07
Barclays,CA,0.0,1.4766469821910666,0.0,0.3129893188960141,0.0,0.0,0.0,0.36813729137899376,2.93089246765442,0.0,1.7986290152054463,0.0,2.783282247418007,0.5264401692548959,0.0,0.0,0.0,2.083302714291616,0.0,0.0,0.5055743331818351
Barclays,CH,0.0,0.00950911959945663,0.0,0.003085176433162155,0.0,0.0,0.0,0.0010938645513901227,0.010125002693922542,0.0,0.0065583831674976955,0.0,0.03355517307445061,0.0015686987548032372,0.0,0.0,0.0,0.004234058200087966,0.0,0.0,0.0005554138514528369
Barclays,CN,0.0,0.013483451573654898,0.0,0.006114575254634238,0.0,0.0,0.0,0.002876956140228686,0.020539198075081228,0.0,0.012687335084708918,0.0,0.02240558439998456,0.004116924718679609,0.0,0.0,0.0,0.014098215734668072,0.0,0.0,0.00044595539849324247
Barclays,CY,0.0,7.419011124145998e-07,0.0,8.38542623963076e-07,0.0,0.0,0.0,1.9404876813969458e-07,2.4134779639511935e-06,0.0,1.3405490122387191e-06,0.0,1.3847727495314094e-06,2.763123882707092e-07,0.0,0.0,0.0,7.034718371437093e-07,0.0,0.0,4.219487753360912e-08
Barclays,CZ,0.0,0.0004420168952022525,0.0,0.000127749873266801,0.0,0.0,0.0,0.00011482223881737269,0.0006260852301789991,0.0,0.0003262855090874259,0.0,0.0007235615369978965,0.00016444245423691964,0.0,0.0,0.0,0.0003561697844093856,0.0,0.0,9.347476167904101e-06
Barclays,DE,0.0,3.6151062768737563,0.0,0.27230877403772813,0.0,0.0,0.0,1.0422414130015185,2.5486857196039012,0.0,2.703086126717286,0.0,4.760943703959746,1.491152209369974,0.0,0.0,0.0,3.1810464760166717,0.0,0.0,0.1735667338860659
Barclays,DK,0.0,0.0007631376056024338,0.0,0.0004655944526075787,0.0,0.0,0.0,6.458690219704641e-05,0.002116619165149155,0.0,0.0003830305030380619,0.0,0.0012324905642696218,9.250287742560705e-05,0.0,0.0,0.0,0.00037451279374681575,0.0,0.0,4.7082618320868364e-05
Barclays,EE,0.0,1.1257822451227105e-05,0.0,6.1388270843784696e-06,0.0,0.0,0.0,3.937228596210842e-06,3.15967894051821e-05,0.0,1.1209486083888464e-05,0.0,2.0813945941363934e-05,5.620749564600661e-06,0.0,0.0,0.0,1.4736467988035466e-05,0.0,0.0,4.907955055137499e-07
Barclays,ES,0.0,0.010935387195287121,0.0,0.010746251091519598,0.0,0.0,0.0,0.0038881648865566687,0.04074982198380986,0.0,0.016837635222968654,0.0,0.02149633027378583,0.005544630264110001,0.0,0.0,0.0,0.012638713506032172,0.0,0.0,0.0006615351309051606
Barclays,FI,0.0,0.00020375219614182183,0.0,8.566633948558269e-05,0.0,0.0,0.0,3.960091596241808e-05,0.0004212364719827955,0.0,0.00011946671960356619,0.0,0.00036987750097986204,5.666018269019498e-05,0.0,0.0,0.0,0.00018976699887977228,0.0,0.0,5.882772338862018e-06
Barclays,FR,0.0,11.095073361365895,0.0,0.7295532083820638,0.0,0.0,0.0,2.700383780759304,6.57751845816297,0.0,7.564980521866105,0.0,16.174030174044677,3.864592446997662,0.0,0.0,0.0,8.6588404667465,0.0,0.0,0.6550704328887008
Barclays,GB,0.0,70.49447559776125,0.0,8.159194656166514,0.0,0.0,0.0,1.8439265614284,38.68497408025179,0.0,13.505431797730537,0.0,111.34181237119297,2.6509523939215542,0.0,0.0,0.0,12.631211239791806,0.0,0.0,2.9008981357332932
Barclays,GR,0.0,0.00024100520949845222,0.0,0.00021097907514926504,0.0,0.0,0.0,9.272978933265927e-05,0.0005512240273303249,0.0,0.00046578176087831507,0.0,0.00046597010810792253,0.00013172811400650512,0.0,0.0,0.0,0.00031753224909699117,0.0,0.0,1.166751774594136e-05
Barclays,HR,0.0,2.284598659208159e-05,0.0,1.0075952122278186e-05,0.0,0.0,0.0,9.700526159743284e-06,4.623729408744428e-05,0.0,2.8261329472010153e-05,0.0,3.286000868961663e-05,1.3826756243533474e-05,0.0,0.0,0.0,3.091758774916877e-05,0.0,0.0,5.669024697526849e-07
Barclays,HU,0.0,0.00038038636592065215,0.0,0.0001418581226395416,0.0,0.0,0.0,8.349391409766862e-05,0.0007237554834201463,0.0,0.00027353776830207015,0.0,0.0004926088496076077,0.00011941673721135035,0.0,0.0,0.0,0.00028331726781203985,0.0,0.0,2.2439431320939346e-05
Barclays,ID,0.0,1.672738422938371e-05,0.0,4.0953918537959275e-05,0.0,0.0,0.0,6.610181906456059e-06,0.00019544949131599336,0.0,7.14075958366837e-05,0.0,9.47290182748906e-05,9.389363865557762e-06,0.0,0.0,0.0,9.266706825775565e-05,0.0,0.0,1.8977563010571454e-05
Barclays,IE,0.0,0.3903013667127571,0.0,0.12280237111117119,0.0,0.0,0.0,0.1118834059934365,0.7833206031358138,0.0,0.37408949504423594,0.0,0.7920659515993537,0.15941089950870035,0.0,0.0,0.0,0.41295035280420883,0.0,0.0,0.05690145325665506
Barclays,IN,0.0,0.0012140451463559133,0.0,0.0007200940937107355,0.0,0.0,0.0,0.00027123226403825783,0.0028046685518122658,0.0,0.0010787386941240984,0.0,0.0021413784138462405,0.00038660893848098166,0.0,0.0,0.0,0.001271595800068831,0.0,0.0,2.2794677921487188e-05
Barclays,IT,0.0,0.01029531846394893,0.0,0.003978992036213346,0.0,0.0,0.0,0.0027698709852135546,0.015825935021155688,0.0,0.00968921108010816,0.0,0.016408922483477976,0.003948600279042584,0.0,0.0,0.0,0.008798369324045872,0.0,0.0,0.0003600016326754269
Barclays,JP,0.0,3.68496481780887,0.0,0.4709515770030282,0.0,0.0,0.0,1.3736397985896824,4.185303545776735,0.0,3.387414526326148,0.0,9.352444614973804,1.9537187943380436,0.0,0.0,0.0,4.03073399073153,0.0,0.0,0.18279494906750274
Barclays,KR,0.0,0.0005269647376929033,0.0,0.0003850476420292865,0.0,0.0,0.0,0.00011921827589999286,0.001750485529641769,0.0,0.000639214582499709,0.0,0.000913891208017084,0.00017013352074090476,0.0,0.0,0.0,0.0005168928792509248,0.0,0.0,9.421920838799627e-05
Barclays,LT,0.0,9.131937633507665e-06,0.0,6.625815745888322e-06,0.0,0.0,0.0,2.4274480017643826e-06,3.186525574251348e-05,0.0,7.939426160587838e-06,0.0,1.728385060947148e-05,3.4638521275478216e-06,0.0,0.0,0.0,1.2222842814182354e-05,0.0,0.0,4.3422188127974764e-07
Barclays,LU,0.0,1.7724379492307414,0.0,0.07779497990580655,0.0,0.0,0.0,0.8900355620513655,1.1636466916672972,0.0,2.0286981577139067,0.0,2.657946824663124,1.2656849370516972,0.0,0.0,0.0,2.440483098675366,0.0,0.0,0.015458478447956853
Barclays,LV,0.0,8.116291015970709e-06,0.0,5.605894759333579e-06,0.0,0.0,0.0,1.4730200582125805e-06,2.6112945577794467e-05,0.0,5.071333385776414e-06,0.0,1.9831222296168337e-05,2.106615147249889e-06,0.0,0.0,0.0,1.1616633592083847e-05,0.0,0.0,2.2305888679203255e-07
Barclays,MT,0.0,3.153760269507077e-05,0.0,5.884529885179469e-06,0.0,0.0,0.0,1.5043034505895064e-05,3.4563992417646184e-05,0.0,4.0963993690774535e-05,0.0,4.317748835663196e-05,2.137149087863164e-05,0.0,0.0,0.0,4.471502020780157e-05,0.0,0.0,1.614600035184309e-06
Barclays,MX,0.0,0.0002690161259682768,0.0,5.214934411043213e-05,0.0,0.0,0.0,7.478951596758215e-06,0.00016957735617462584,0.0,6.564998320716267e-05,0.0,0.000249940287062951,1.0757782525328822e-05,0.0,0.0,0.0,0.00018934323930044035,0.0,0.0,3.371068393712148e-06
Barclays,NL,0.0,0.084079035188334,0.0,0.008601920686742537,0.0,0.0,0.0,0.004839696618613613,0.03680105993231308,0.0,0.021159683807180252,0.0,0.07989450838156385,0.006965559033451243,0.0,0.0,0.0,0.019405530100376885,0.0,0.0,0.0021584641901126146
Barclays,NO,0.0,0.0017176083324247854,0.0,0.0018945261392526026,0.0,0.0,0.0,0.00047303412373213483,0.009251176770437358,0.0,0.0015010339720514902,0.0,0.003996866610699578,0.0006737164606651894,0.0,0.0,0.0,0.0015460075716501199,0.0,0.0,4.9404933454018105e-05
Barclays,PL,0.0,0.0025874707669190557,0.0,0.001773458482301335,0.0,0.0,0.0,0.000649935634126629,0.009134371255815291,0.0,0.0019393646712441742,0.0,0.004067476170143115,0.0009274543675777123,0.0,0.0,0.0,0.002210157249057409,0.0,0.0,0.00011550417949176951
Barclays,PT,0.0,0.00028070057961015056,0.0,0.00023909337396919777,0.0,0.0,0.0,7.273980914371047e-05,0.0006981738201511226,0.0,0.0004029330987632081,0.0,0.000507899605364092,0.0001038748412421092,0.0,0.0,0.0,0.00023393884944196636,0.0,0.0,7.43237930098229e-06
Barclays,RO,0.0,6.414734312248571e-05,0.0,6.308096968117e-05,0.0,0.0,0.0,9.615297374790793e-06,0.0003010832977125848,0.0,3.237298310797389e-05,0.0,0.00011203293276817036,1.3727826331925092e-05,0.0,0.0,0.0,4.269421492815243e-05,0.0,0.0,0.0
Barclays,RU,0.0,0.0038538759965166145,0.0,0.0018022633942151645,0.0,0.0,0.0,1.659447408682804e-05,0.0071996688169414964,0.0,0.001169415736212612,0.0,0.006682223740372182,2.3788516458562226e-05,0.0,0.0,0.0,0.00138785592344468,0.0,0.0,0.0001436321862423375
Barclays,SE,0.0,0.0050641411443238995,0.0,0.0007790648172770721,0.0,0.0,0.0,0.00033769701544067546,0.003684858297193569,0.0,0.0017380457182541362,0.0,0.005168306381609216,0.00048520194138843595,0.0,0.0,0.0,0.0017485652831895513,0.0,0.0,0.0002804693514796958
Barclays,SI,0.0,2.600585190436635e-05,0.0,1.199068076610517e-05,0.0,0.0,0.0,7.718432762557518e-06,6.10728336520656e-05,0.0,2.4991479732166317e-05,0.0,4.0312915835732626e-05,1.1018355393443078e-05,0.0,0.0,0.0,2.531170250563947e-05,0.0,0.0,1.994398468742115e-06
Barclays,SK,0.0,0.00026584742998979994,0.0,0.00015662360431455862,0.0,0.0,0.0,0.00012514428860984695,0.0008959943259123895,0.0,0.0002958782751510134,0.0,0.0003301640711186534,0.00017774902421355837,0.0,0.0,0.0,0.0003403264236411219,0.0,0.0,3.76146596598771e-06
Barclays,TR,0.0,0.0004182712317190048,0.0,0.00036931072769680134,0.0,0.0,0.0,0.00020132665987085776,0.0013013556384692216,0.0,0.0008088595691696402,0.0,0.0009084279164528225,0.0002868534813379874,0.0,0.0,0.0,0.0007219171670521391,0.0,0.0,3.158988058762541e-05
Barclays,TW,0.0,6.922689419953295e-05,0.0,2.650032580883851e-05,0.0,0.0,0.0,1.1526274348474322e-05,9.446287260683957e-05,0.0,5.126831896183513e-05,0.0,0.00020985564860029408,1.6538358966498158e-05,0.0,0.0,0.0,5.595048698016123e-05,0.0,0.0,2.032336309284517e-06
Barclays,US,0.0,122.73998132133869,0.0,10.592478202876324,0.0,0.0,0.0,34.494523995322886,80.55165291105384,0.0,99.51942706880655,0.0,161.14484526299165,49.30573841913107,0.0,0.0,0.0,111.96407628416908,0.0,0.0,7.7914555274152
Barclays,WA,0.0,2.308717896118827,0.0,0.8555631433416956,0.0,0.0,0.0,0.7276324289619462,3.60004044398273,0.0,2.7525555359316636,0.0,4.827417402197868,1.0406560055737186,0.0,0.0,0.0,2.763455629372132,0.0,0.0,0.21924457147236143
Barclays,WE,0.0,0.7539580019280832,0.0,0.15248961760867183,0.0,0.0,0.0,0.17347375478283825,0.8681603032874894,0.0,0.657990587191635,0.0,1.391774901627648,0.24865745688347915,0.0,0.0,0.0,0.920251669844187,0.0,0.0,0.0905755716652883
Barclays,WF,0.0,0.5647976184854971,0.0,0.24617959853043833,0.0,0.0,0.0,0.09907400936926239,0.9986136509315552,0.0,0.4630739787315957,0.0,1.3858878185649892,0.1419839393020199,0.0,0.0,0.0,1.1743527250850936,0.0,0.0,0.04198833100802349
Barclays,WL,0.0,1.0034202466742956,0.0,0.2587764209796536,0.0,0.0,0.0,0.22744550405081,1.3294441029785518,0.0,0.8999649764446847,0.0,1.8667743564594323,0.3260237782774314,0.0,0.0,0.0,1.054385149897213,0.0,0.0,0.11762541756538479
Barclays,WM,0.0,1.4248635052790537,0.0,0.33107243895570965,0.0,0.0,0.0,0.42363797796813024,1.737157443664334,0.0,1.2901070261192513,0.0,2.536288587612062,0.6054349783804099,0.0,0.0,0.0,1.4817528163556204,0.0,0.0,0.08537135171185234
Barclays,ZA,0.0,0.0067012799622438775,0.0,0.0015774875452426087,0.0,0.0,0.0,0.0013993262336923647,0.00892124263971882,0.0,0.004332948903907215,0.0,0.010703202630207347,0.0020042676839460006,0.0,0.0,0.0,0.004728538692365777,0.0,0.0,0.0004329775847528995
HSBC ,AT,0.0,0.0023615664505744066,0.0,0.0007389423613052139,0.0,0.0,0.0,0.00030819987992810216,0.0029330642190288593,0.0,0.0012298751275732777,0.0,0.0038219124236519653,0.00044231204681855857,0.0,0.0,0.0,0.0010610964541208133,0.0,0.0,4.972031060068787e-05
HSBC ,AU,0.0,0.02956044900485636,0.0,0.013615355530023123,0.0,0.0,0.0,0.0063645630395697764,0.04887485588528082,0.0,0.028227408122696356,0.0,0.056679285886316794,0.009112736810537527,0.0,0.0,0.0,0.03268791278745665,0.0,0.0,0.0015452682299871476
HSBC ,BE,0.0,0.03485908881862466,0.0,0.007933861606666941,0.0,0.0,0.0,0.0028271483217168396,0.03458784125072974,0.0,0.01137160783438844,0.0,0.05029512064713597,0.004058943686789033,0.0,0.0,0.0,0.00936860208816103,0.0,0.0,0.0007834317513805171
HSBC ,BG,0.0,0.0008676271669335988,0.0,0.0001916682411657449,0.0,0.0,0.0,6.25053619753497e-05,0.000857470417000782,0.0,0.00024627839248409373,0.0,0.0010648053631906616,8.971499027147288e-05,0.0,0.0,0.0,0.00026764618087052425,0.0,0.0,1.674746113806316e-05
HSBC ,BR,0.0,0.005552005208898229,0.0,0.0020747095845235317,0.0,0.0,0.0,0.001655695948286643,0.010128041122555892,0.0,0.004317381471909701,0.0,0.012467583914087444,0.002365017361304108,0.0,0.0,0.0,0.010167008156538026,0.0,0.0,1.847990474797379e-06
HSBC ,CA,0.0,0.01324269448382987,0.0,0.004074494518244964,0.0,0.0,0.0,0.0015851164340042257,0.025496159699251914,0.0,0.010799102259846625,0.0,0.027430766457851297,0.002269485958403857,0.0,0.0,0.0,0.023164985680215383,0.0,0.0,0.0032179254711989847
HSBC ,CH,0.0,0.01624019666872473,0.0,0.003085046523551533,0.0,0.0,0.0,0.00041968790550964835,0.012038836802292834,0.0,0.003939416004291435,0.0,0.025641556299552202,0.0006020326348762052,0.0,0.0,0.0,0.0027598890664958155,0.0,0.0,0.0005484513447210238
HSBC ,CN,0.0,0.37900953245013097,0.0,0.1588105905144636,0.0,0.0,0.0,0.08635485822879352,0.5066320702838064,0.0,0.3761412810113248,0.0,0.6634532178084248,0.1235629677926843,0.0,0.0,0.0,0.46106944274157224,0.0,0.0,0.014280585730272622
HSBC ,CY,0.0,2.3941363093507284e-06,0.0,2.8354535549700366e-06,0.0,0.0,0.0,3.7592480220578877e-07,9.5426443733492e-06,0.0,3.141128383256311e-06,0.0,4.980935517457478e-06,5.368607187326502e-07,0.0,0.0,0.0,1.6587370859742065e-06,0.0,0.0,1.1148163969251297e-07
HSBC ,CZ,0.0,0.0014102485054523222,0.0,0.0004146944297342074,0.0,0.0,0.0,0.0003698140365794427,0.0020703833106171105,0.0,0.0010258802452189882,0.0,0.0024814183730028647,0.0005297345285793076,0.0,0.0,0.0,0.0011515962819057144,0.0,0.0,2.687473937548478e-05
HSBC ,DE,0.0,0.20171740046623765,0.0,0.053559724640356174,0.0,0.0,0.0,0.03056706091939333,0.27473097401271057,0.0,0.09074219864953631,0.0,0.29468567288710523,0.04377559721446792,0.0,0.0,0.0,0.09519923202144606,0.0,0.0,0.00566574549054802
HSBC ,DK,0.0,0.002122418297327315,0.0,0.0016442409703636886,0.0,0.0,0.0,0.00018292500089115452,0.007677112392094428,0.0,0.0009782152627239961,0.0,0.0038996086352345626,0.0002618455396164952,0.0,0.0,0.0,0.00104724026831654,0.0,0.0,0.00010327177480224905
HSBC ,EE,0.0,3.437101214949159e-05,0.0,3.0555648963778374e-05,0.0,0.0,0.0,8.939270510000766e-06,0.0001488165897365265,0.0,2.901912570344119e-05,0.0,7.7708482012007e-05,1.2765243257128774e-05,0.0,0.0,0.0,4.713578439504775e-05,0.0,0.0,1.6377383709758616e-06
HSBC ,ES,0.0,0.02630472874208004,0.0,0.02746846444097078,0.0,0.0,0.0,0.007301859664646523,0.12423041415543483,0.0,0.028770905300187034,0.0,0.056476609016341564,0.01042030394660705,0.0,0.0,0.0,0.025345015220217326,0.0,0.0,0.0016123663758098872
HSBC ,FI,0.0,0.0007125212395723427,0.0,0.0003109689519036309,0.0,0.0,0.0,0.0001127438187625342,0.001453651018356571,0.0,0.0003780972962394253,0.0,0.0013834458512794036,0.00016147953643203482,0.0,0.0,0.0,0.0005672223370443908,0.0,0.0,1.984838378528202e-05
HSBC ,FR,0.0,0.18260445677780124,0.0,0.08051028756833299,0.0,0.0,0.0,0.016527017504844164,0.39015595482697796,0.0,0.07150283366806669,0.0,0.251622260680399,0.02370016712338312,0.0,0.0,0.0,0.09708021203598122,0.0,0.0,0.008017304646039215
HSBC ,GB,0.0,108.94292409497449,0.0,15.113800861368546,0.0,0.0,0.0,3.2625937165960033,72.16073343794956,0.0,20.343009246607977,0.0,207.82140519729904,4.688938742809174,0.0,0.0,0.0,22.095387799657335,0.0,0.0,3.985170256717326
HSBC ,GR,0.0,0.0006233167781918613,0.0,0.0004029563437098054,0.0,0.0,0.0,0.0001251881428769518,0.001257832711742656,0.0,0.0007312484370273892,0.0,0.0018276158503350319,0.00017869596455107203,0.0,0.0,0.0,0.0006991260405933287,0.0,0.0,3.965803924329942e-05
HSBC ,HR,0.0,0.0007026808971327598,0.0,0.000147394148789844,0.0,0.0,0.0,0.0003394260284616118,0.0009662137423655902,0.0,0.0008391751895925016,0.0,0.001052380483577476,0.00048375705684408854,0.0,0.0,0.0,0.0011377966368004736,0.0,0.0,1.888283415730447e-05
HSBC ,HU,0.0,0.002000581432794048,0.0,0.0007380585077339177,0.0,0.0,0.0,0.0005469152758731904,0.0039064999687800925,0.0,0.001543584390305876,0.0,0.0032821830066558045,0.0007822803005703064,0.0,0.0,0.0,0.0019931600144504,0.0,0.0,7.760833527653877e-05
HSBC ,ID,0.0,0.000476150046686751,0.0,0.001429140145171119,0.0,0.0,0.0,0.00016717306119889806,0.007141940086009589,0.0,0.002100473812073979,0.0,0.0037294552685602344,0.00023740675516447545,0.0,0.0,0.0,0.0032547367269395353,0.0,0.0,0.0006279033968461236
HSBC ,IE,0.0,0.02818803483969376,0.0,0.011541299630919807,0.0,0.0,0.0,0.00399766468616823,0.0539668581242929,0.0,0.016312003725331432,0.0,0.10178344827617669,0.005706388760236979,0.0,0.0,0.0,0.01715282168754878,0.0,0.0,0.001785160264502596
HSBC ,IN,0.0,0.006365269516984378,0.0,0.007474838918914258,0.0,0.0,0.0,0.0007675965713950905,0.02953383705316156,0.0,0.005350212851195664,0.0,0.021525995875202167,0.00109681418102519,0.0,0.0,0.0,0.01183562835183538,0.0,0.0,0.0001230921442902792
HSBC ,IT,0.0,0.028788759345044095,0.0,0.011690510075448475,0.0,0.0,0.0,0.0054503499618710535,0.050900773112677045,0.0,0.020150199929280972,0.0,0.047863394707833115,0.007806574048110594,0.0,0.0,0.0,0.018590304020470447,0.0,0.0,0.001185308038853344
HSBC ,JP,0.0,0.15679567428926766,0.0,0.04996215648744545,0.0,0.0,0.0,0.03889071141373024,0.2718291684189141,0.0,0.10389289468200408,0.0,0.25628649545270693,0.05550887215867819,0.0,0.0,0.0,0.10757872073969484,0.0,0.0,0.003957712332262702
HSBC ,KR,0.0,0.015638505976222676,0.0,0.012290044292231258,0.0,0.0,0.0,0.0030995486452398582,0.05162045424852704,0.0,0.02035390440363126,0.0,0.028239396019405172,0.00442874420416354,0.0,0.0,0.0,0.014844342934382818,0.0,0.0,0.003082868076170837
HSBC ,LT,0.0,0.0001645398443725863,0.0,0.00010397137511465617,0.0,0.0,0.0,3.2147326924767926e-05,0.00051564435864703,0.0,0.00010410463703199477,0.0,0.0003051426653430698,4.5957184229805904e-05,0.0,0.0,0.0,0.00021084479961953824,0.0,0.0,7.6964926469166e-06
HSBC ,LU,0.0,0.004852716282041873,0.0,0.0006857256040512695,0.0,0.0,0.0,0.001600965167943799,0.004117559526932478,0.0,0.004150210760008408,0.0,0.04958531090557683,0.002267210349895323,0.0,0.0,0.0,0.003983121322747866,0.0,0.0,0.00020843851686363284
HSBC ,LV,0.0,2.322126210672711e-05,0.0,2.4547417818350082e-05,0.0,0.0,0.0,5.062147529812459e-06,0.00011332073752778413,0.0,1.8586446499219923e-05,0.0,7.472586705524524e-05,7.231236125192749e-06,0.0,0.0,0.0,5.2481611749605347e-05,0.0,0.0,7.912990767025158e-07
HSBC ,MT,0.0,1.941885026708004e-05,0.0,7.964395587932619e-06,0.0,0.0,0.0,5.190146859210582e-06,3.147943764460243e-05,0.0,2.086360817508931e-05,0.0,4.118399644308545e-05,7.404341624872304e-06,0.0,0.0,0.0,1.6589600913943645e-05,0.0,0.0,1.6379008259415573e-06
HSBC ,MX,0.0,0.0014664244039108033,0.0,0.00027193051753358877,0.0,0.0,0.0,3.600915659526176e-05,0.0008917754414900119,0.0,0.00033276308557399746,0.0,0.0013921424393831046,5.1821741002520856e-05,0.0,0.0,0.0,0.0013556762961950215,0.0,0.0,1.769837465010735e-05
HSBC ,NL,0.0,0.07763131608300683,0.0,0.01675733673923149,0.0,0.0,0.0,0.00507492001196347,0.07058848234056986,0.0,0.023945032198144256,0.0,0.09099173606231477,0.007291052420265745,0.0,0.0,0.0,0.022337296388631734,0.0,0.0,0.0020405548113534263
HSBC ,NO,0.0,0.003469927639103156,0.0,0.005025937630499207,0.0,0.0,0.0,0.0009536771672695563,0.025081653267654495,0.0,0.00303235664118214,0.0,0.008188141206976248,0.0013575155839126386,0.0,0.0,0.0,0.0037266464731897427,0.0,0.0,0.00011090282425637446
HSBC ,PL,0.0,0.012172219004881284,0.0,0.007142372330147624,0.0,0.0,0.0,0.0029013915570624193,0.037208488595141004,0.0,0.008373551273102318,0.0,0.021069771260075802,0.004145482881103616,0.0,0.0,0.0,0.010427211549938791,0.0,0.0,0.00047974725234641637
HSBC ,PT,0.0,0.00086131049219849,0.0,0.0004444515280507299,0.0,0.0,0.0,0.00016374107849697136,0.0017646320458006041,0.0,0.0006601554221802935,0.0,0.0015553989947127552,0.0002342772520074916,0.0,0.0,0.0,0.000611660378635579,0.0,0.0,2.1471190934040705e-05
HSBC ,RO,0.0,0.0003652497566390536,0.0,0.0003331468824777974,0.0,0.0,0.0,5.789164305609696e-05,0.0015726606445158058,0.0,0.00018707835029070855,0.0,0.0010680217514217173,8.283453390579645e-05,0.0,0.0,0.0,0.0004928887276474017,0.0,0.0,0.0
HSBC ,RU,0.0,0.0705662318185965,0.0,0.039220209764608806,0.0,0.0,0.0,0.00023732387475175937,0.14163499997354936,0.0,0.031517835599516375,0.0,0.15210693860160876,0.00034018157462964617,0.0,0.0,0.0,0.04312848570212845,0.0,0.0,0.003306822492018359
HSBC ,SE,0.0,0.009754065049699437,0.0,0.0020173098544819233,0.0,0.0,0.0,0.0006477749407780462,0.009419603362997813,0.0,0.0033529503020442433,0.0,0.01111114868227616,0.0009302661145502234,0.0,0.0,0.0,0.0034742215744522223,0.0,0.0,0.0005143875738391932
HSBC ,SI,0.0,0.0004184689108505235,0.0,0.00012477222336793539,0.0,0.0,0.0,0.00010232330360947799,0.0006667526741413647,0.0,0.000332068051164929,0.0,0.000664425832502093,0.00014647801182509203,0.0,0.0,0.0,0.00036514185427349345,0.0,0.0,3.142861836923889e-05
HSBC ,SK,0.0,0.0011489603889363706,0.0,0.0006500259402782825,0.0,0.0,0.0,0.0005330793122371148,0.003737561111651883,0.0,0.001254660655449059,0.0,0.0014713073229542452,0.0007574129885614334,0.0,0.0,0.0,0.0014755045873136785,0.0,0.0,1.5655180934231995e-05
HSBC ,TR,0.0,0.005482101041552388,0.0,0.0026964323783366805,0.0,0.0,0.0,0.002557842369599014,0.01263503275557912,0.0,0.0076734845417486385,0.0,0.011726121461522349,0.0036491685232751623,0.0,0.0,0.0,0.010498436670482314,0.0,0.0,0.0002819711524465087
HSBC ,TW,0.0,0.0026965753649972027,0.0,0.0009258583758521405,0.0,0.0,0.0,0.0005133544018092321,0.0033931835141251684,0.0,0.002016075477895159,0.0,0.008358497264736878,0.0007368582093964628,0.0,0.0,0.0,0.00279264967494672,0.0,0.0,6.469134552937633e-05
HSBC ,US,0.0,379.6174451189551,0.0,36.19044633116962,0.0,0.0,0.0,109.56888837544982,263.35706673065283,0.0,305.4906220366343,0.0,543.1623326691063,156.56454001102975,0.0,0.0,0.0,353.9685413957652,0.0,0.0,20.120650709787068
HSBC ,WA,0.0,233.51581580170358,0.0,81.81157412341761,0.0,0.0,0.0,77.37077731903932,347.5726918476951,0.0,270.5524748067039,0.0,503.2854568102913,110.64178917934552,0.0,0.0,0.0,291.14193820617453,0.0,0.0,16.894941723347234
HSBC ,WE,0.0,31.70286874128693,0.0,6.377575507313802,0.0,0.0,0.0,7.961009314125942,35.50670363965878,0.0,27.430811886736276,0.0,62.672012763637696,11.408288706258924,0.0,0.0,0.0,41.86318196814067,0.0,0.0,2.9832566404880603
HSBC ,WF,0.0,25.026326230446188,0.0,10.63498905985765,0.0,0.0,0.0,4.4427169679637855,42.99495589374551,0.0,19.31991880999418,0.0,65.14775818484516,6.366511062289132,0.0,0.0,0.0,58.89386838019313,0.0,0.0,1.4084102368393743
HSBC ,WL,0.0,41.1072205543293,0.0,10.985472528734594,0.0,0.0,0.0,10.031528242731804,56.307823972889075,0.0,36.461123009175324,0.0,83.23730514634232,14.37638166634152,0.0,0.0,0.0,48.039164171019884,0.0,0.0,4.009798861810967
HSBC ,WM,0.0,59.783614354932276,0.0,14.258243927183676,0.0,0.0,0.0,19.877579366492903,76.06221895418795,0.0,56.7348969406332,0.0,115.8250837043425,28.39023853297184,0.0,0.0,0.0,69.80220792026499,0.0,0.0,2.761862038254697
HSBC ,ZA,0.0,0.011326809034625502,0.0,0.002814766247569923,0.0,0.0,0.0,0.0024219590062626644,0.015716489333570186,0.0,0.007581585735578103,0.0,0.018851298728075682,0.003468324374415442,0.0,0.0,0.0,0.008688358013357537,0.0,0.0,0.0007589191755185031
Lloyds,AT,0.0,0.0005274433016304325,0.0,0.00025163488057354863,0.0,0.0,0.0,6.94201507873918e-05,0.0007932136402451942,0.0,0.00040270359222528934,0.0,0.0008089373912108807,9.95894734762872e-05,0.0,0.0,0.0,0.00023110925493158838,0.0,0.0,1.2335189988032674e-05
Lloyds,AU,0.0,0.0008276005949916982,0.0,0.0005629598326051906,0.0,0.0,0.0,0.00015875100836383932,0.0017415304826631048,0.0,0.001025568525357034,0.0,0.0018186887467251142,0.00022725464403698588,0.0,0.0,0.0,0.0007411150723495969,0.0,0.0,6.622854433949883e-05
Lloyds,BE,0.0,0.026080141508504052,0.0,0.00839455109577817,0.0,0.0,0.0,0.002685006931099955,0.0289406707631402,0.0,0.014107145453095597,0.0,0.03850934981123079,0.0038522434069760392,0.0,0.0,0.0,0.00890617390664724,0.0,0.0,0.0006692160731208752
Lloyds,BG,0.0,1.4473502592129512e-05,0.0,1.0335577006852129e-05,0.0,0.0,0.0,2.528122915435772e-06,3.747438624319901e-05,0.0,1.346871712151342e-05,0.0,2.7735001947800236e-05,3.614672531642535e-06,0.0,0.0,0.0,1.2669201141197682e-05,0.0,0.0,4.74317473209226e-07
Lloyds,BR,0.0,0.00024994700803961285,0.0,9.80349628159425e-05,0.0,0.0,0.0,7.724478380789578e-05,0.0004837847084347729,0.0,0.00020361962547357635,0.0,0.0004300189843864463,0.00011002359675233148,0.0,0.0,0.0,0.00035811476919977026,0.0,0.0,3.2259584955902795e-07
Lloyds,CA,0.0,0.0016451219430219525,0.0,0.0004903651503978792,0.0,0.0,0.0,0.0005744936660876009,0.0029871945404313736,0.0,0.0020068024074928947,0.0,0.003019909837772194,0.0008176573357619359,0.0,0.0,0.0,0.002507296353492284,0.0,0.0,0.0002698043689443988
Lloyds,CH,0.0,0.008022726510876491,0.0,0.0025525072122005448,0.0,0.0,0.0,0.0011017463205682905,0.010014215765459564,0.0,0.005348712850234478,0.0,0.043547354754114025,0.0015820775000943267,0.0,0.0,0.0,0.004152773719331082,0.0,0.0,0.00048500431109890866
Lloyds,CN,0.0,0.009887495159223176,0.0,0.004555350385027145,0.0,0.0,0.0,0.0020338114829602564,0.015007320962563919,0.0,0.0092758461915481,0.0,0.01675128290147035,0.002911144019549368,0.0,0.0,0.0,0.010270665944983857,0.0,0.0,0.0003298079943815013
Lloyds,CY,0.0,7.307148219975371e-07,0.0,1.1842766225086204e-06,0.0,0.0,0.0,1.2410605219749996e-07,2.9008181868249317e-06,0.0,1.650029672918185e-06,0.0,1.6880309754325236e-06,1.7706514318818777e-07,0.0,0.0,0.0,5.970536684051728e-07,0.0,0.0,3.8633034425842046e-08
Lloyds,CZ,0.0,0.00048630496197630993,0.0,0.00014882589582441644,0.0,0.0,0.0,0.00012501672622067174,0.0007341985558936394,0.0,0.00035266568149790975,0.0,0.0008266707148928329,0.00017905945328865173,0.0,0.0,0.0,0.0003851729446800277,0.0,0.0,9.912336214756034e-06
Lloyds,DE,0.0,0.130281056709731,0.0,0.026366630745613406,0.0,0.0,0.0,0.021007625384955462,0.13083551549925138,0.0,0.06511245402632868,0.0,0.21238288737863753,0.030089812002889873,0.0,0.0,0.0,0.06586504465283134,0.0,0.0,0.00397533505930344
Lloyds,DK,0.0,0.0009817126441148032,0.0,0.0007337567288668809,0.0,0.0,0.0,8.159909066125218e-05,0.0033247358566607663,0.0,0.0005159383244339909,0.0,0.0017732305833851388,0.00011677862327921573,0.0,0.0,0.0,0.0005906342650024476,0.0,0.0,5.809672104517337e-05
Lloyds,EE,0.0,1.6810442517652265e-05,0.0,9.252197676481375e-06,0.0,0.0,0.0,6.249525538703048e-06,4.8121188602520444e-05,0.0,1.742056780036281e-05,0.0,3.31104800559725e-05,8.917062968605823e-06,0.0,0.0,0.0,2.881015501018709e-05,0.0,0.0,7.016606177774494e-07
Lloyds,ES,0.0,0.012016607598001527,0.0,0.013829688511944252,0.0,0.0,0.0,0.004030397940902418,0.05968929225911319,0.0,0.01629721019023625,0.0,0.025417379015538966,0.005746793365471733,0.0,0.0,0.0,0.013401109182139945,0.0,0.0,0.0007418437236293154
Lloyds,FI,0.0,0.00020939002624472243,0.0,9.631640663054734e-05,0.0,0.0,0.0,3.9173529289982454e-05,0.00046719878333657225,0.0,0.0001217244772818791,0.0,0.0004117150756348366,5.606463905113206e-05,0.0,0.0,0.0,0.00022618427156484704,0.0,0.0,6.111630990664002e-06
Lloyds,FR,0.0,0.10590616229965319,0.0,0.04099362081039848,0.0,0.0,0.0,0.012319806480647358,0.19293154158232195,0.0,0.051261250988044516,0.0,0.1355341181172173,0.01764382499217539,0.0,0.0,0.0,0.05680239129160568,0.0,0.0,0.004884369773063884
Lloyds,GB,0.0,104.818161934097,0.0,12.931568807877975,0.0,0.0,0.0,3.2938662537428844,59.70765816992317,0.0,21.313171144610315,0.0,211.72241299730482,4.733424475451391,0.0,0.0,0.0,22.914392725326,0.0,0.0,4.011064493737538
Lloyds,GR,0.0,0.00034043664611176983,0.0,0.0001956269988192819,0.0,0.0,0.0,0.0001458331759377205,0.0006057808300140156,0.0,0.0005550211211001377,0.0,0.0005852168982699623,0.00020691092806915807,0.0,0.0,0.0,0.0004953169895986436,0.0,0.0,1.2471808097807057e-05
Lloyds,HR,0.0,1.0260169942713215e-05,0.0,9.189010115241049e-06,0.0,0.0,0.0,3.827343736237006e-06,3.848421937836343e-05,0.0,1.3629097101671452e-05,0.0,1.4735778567723117e-05,5.44935197357449e-06,0.0,0.0,0.0,1.1138790844566941e-05,0.0,0.0,2.3997591157064355e-07
Lloyds,HU,0.0,0.0004581298117446742,0.0,0.00021361109630777976,0.0,0.0,0.0,0.00010490141453251174,0.0010796043692605016,0.0,0.0003347453042681129,0.0,0.0006115904579221368,0.00014987767919153453,0.0,0.0,0.0,0.00034164327681802514,0.0,0.0,2.319611604190878e-05
Lloyds,ID,0.0,7.825431151844211e-06,0.0,2.5609310536893443e-05,0.0,0.0,0.0,3.1335592147282963e-06,0.00011510545309639438,0.0,4.1976401239220695e-05,0.0,4.791166808135492e-05,4.453316428350112e-06,0.0,0.0,0.0,5.177808771321995e-05,0.0,0.0,1.0671787816660802e-05
Lloyds,IE,0.0,0.03834740785973889,0.0,0.010213202530643653,0.0,0.0,0.0,0.012412576252047777,0.05570316620929787,0.0,0.03449338679721704,0.0,0.11704780229378799,0.017649566079812384,0.0,0.0,0.0,0.0423933737704352,0.0,0.0,0.0016185382501813675
Lloyds,IN,0.0,0.0010911993927302593,0.0,0.000774798432789694,0.0,0.0,0.0,0.0002627764586943009,0.0030441512475772557,0.0,0.001074022661726163,0.0,0.0020629999624692244,0.00037388244272287704,0.0,0.0,0.0,0.0012869135349923694,0.0,0.0,2.051569933579704e-05
Lloyds,IT,0.0,0.009895970462345747,0.0,0.0038369428049971877,0.0,0.0,0.0,0.0018121936095401813,0.015943473026514065,0.0,0.007039936269426031,0.0,0.01608326145624507,0.0025935540924457417,0.0,0.0,0.0,0.00680557247682909,0.0,0.0,0.00040611244464780147
Lloyds,JP,0.0,0.005142147028037854,0.0,0.0006999370591543153,0.0,0.0,0.0,0.0006589169278807255,0.004205802073006423,0.0,0.00186017565714261,0.0,0.007508653322481985,0.0009430090490928323,0.0,0.0,0.0,0.00200198373347666,0.0,0.0,0.00016053624504049012
Lloyds,KR,0.0,0.0002628534958998917,0.0,0.0001840869165080089,0.0,0.0,0.0,4.471263369429439e-05,0.0008066794499698297,0.0,0.00029929595601838136,0.0,0.0004782403927631142,6.393425142709879e-05,0.0,0.0,0.0,0.00022622180682221776,0.0,0.0,5.0274993719484934e-05
Lloyds,LT,0.0,2.2680506034419798e-05,0.0,8.7940997943077e-06,0.0,0.0,0.0,5.033968434420101e-06,4.365285062301456e-05,0.0,1.5608960075998787e-05,0.0,3.876437139704627e-05,7.198659460015922e-06,0.0,0.0,0.0,3.491425953200785e-05,0.0,0.0,9.355522043391804e-07
Lloyds,LU,0.0,2.438117256390797,0.0,0.08535259078597363,0.0,0.0,0.0,1.2744616998251805,1.5562074613582821,0.0,2.877843416847517,0.0,3.7426175292609276,1.8114722555453908,0.0,0.0,0.0,3.492133717032066,0.0,0.0,0.015216263805208905
Lloyds,LV,0.0,8.87390203808079e-06,0.0,1.1932958754821294e-05,0.0,0.0,0.0,2.1662182890603776e-06,5.609850188525513e-05,0.0,7.784496575692938e-06,0.0,4.54310127540959e-05,3.088953550615725e-06,0.0,0.0,0.0,8.550928853104373e-05,0.0,0.0,3.957347162956454e-07
Lloyds,MT,0.0,4.501036018572822e-05,0.0,7.817987869485317e-06,0.0,0.0,0.0,2.2879414816262746e-05,4.837954821151193e-05,0.0,6.0327720089412164e-05,0.0,6.252603500317011e-05,3.2470063322874145e-05,0.0,0.0,0.0,6.728171832751755e-05,0.0,0.0,1.8905000941646959e-06
Lloyds,MX,0.0,0.00010290907531494169,0.0,3.649494903992038e-05,0.0,0.0,0.0,3.7669484386996903e-06,0.00010541816735637519,0.0,4.5647947317539156e-05,0.0,0.00010047797316905705,5.41019847297987e-06,0.0,0.0,0.0,4.187662151450523e-05,0.0,0.0,1.3992252370399097e-06
Lloyds,NL,0.0,3.324837626959704,0.0,0.5577524803767165,0.0,0.0,0.0,0.6532099993750116,2.187669500235586,0.0,2.183194754879083,0.0,7.2141322805496415,0.9359365077495809,0.0,0.0,0.0,1.9958048030000055,0.0,0.0,0.08828662207840997
Lloyds,NO,0.0,0.0019986099013541182,0.0,0.002689645724862409,0.0,0.0,0.0,0.0005382401447133242,0.013281971072900908,0.0,0.0017406597824316354,0.0,0.004750149877963547,0.0007662808783489663,0.0,0.0,0.0,0.0026022070098387505,0.0,0.0,6.0904818216942826e-05
Lloyds,PL,0.0,0.0036938079830895355,0.0,0.0028598195717161033,0.0,0.0,0.0,0.0009672758920871534,0.014840297801697629,0.0,0.0028075419547170504,0.0,0.005950456724266221,0.0013791951945875535,0.0,0.0,0.0,0.003334856382714033,0.0,0.0,0.00015650003504886706
Lloyds,PT,0.0,0.0002951472072703401,0.0,0.00021438795700966874,0.0,0.0,0.0,6.868615303080018e-05,0.0007266589860175615,0.0,0.0003355402570025025,0.0,0.0005354181186341802,9.814937275518047e-05,0.0,0.0,0.0,0.00023736714485287337,0.0,0.0,7.734565506628622e-06
Lloyds,RO,0.0,6.393991054063603e-05,0.0,8.968899268695046e-05,0.0,0.0,0.0,8.940051705393093e-06,0.0004386625412718969,0.0,3.0867390981506205e-05,0.0,0.00011934097947601045,1.2735936450570645e-05,0.0,0.0,0.0,4.387922526165698e-05,0.0,0.0,0.0
Lloyds,RU,0.0,0.003708021294370071,0.0,0.0018130056711802133,0.0,0.0,0.0,1.6142459484706562e-05,0.007749570218787917,0.0,0.0009060293623209783,0.0,0.006234874498341372,2.3129409675848287e-05,0.0,0.0,0.0,0.0010972113528593093,0.0,0.0,0.00012215375938433694
Lloyds,SE,0.0,0.006488240163488671,0.0,0.0009971136942007464,0.0,0.0,0.0,0.00035454241073282287,0.0046318402392129055,0.0,0.0019912027380590428,0.0,0.0066647279289516,0.000509470729556531,0.0,0.0,0.0,0.002155275096157752,0.0,0.0,0.0003347159044977853
Lloyds,SI,0.0,2.5059407468554888e-05,0.0,1.4875134234778111e-05,0.0,0.0,0.0,8.626249844563309e-06,7.478065435951011e-05,0.0,2.7281653848487287e-05,0.0,3.936306285585668e-05,1.2297260833002659e-05,0.0,0.0,0.0,2.6875383176625777e-05,0.0,0.0,1.8188295654897981e-06
Lloyds,SK,0.0,0.0004755281549071228,0.0,0.00029225716910562797,0.0,0.0,0.0,0.00023263660910371868,0.0016792741150362766,0.0,0.0005449984575407877,0.0,0.0005794788523009336,0.00033027001712371924,0.0,0.0,0.0,0.0006264649168306053,0.0,0.0,6.019843659477725e-06
Lloyds,TR,0.0,0.00043883178257419445,0.0,0.00038416787502869884,0.0,0.0,0.0,0.00021072084284653574,0.0013199574149928225,0.0,0.0008532503089661862,0.0,0.0009536608257998721,0.00030028328757520295,0.0,0.0,0.0,0.000767527132720469,0.0,0.0,3.0515253583838662e-05
Lloyds,TW,0.0,4.1478509377810736e-05,0.0,1.8165034449225814e-05,0.0,0.0,0.0,6.355857528871928e-06,6.0734505314377715e-05,0.0,3.248472165989853e-05,0.0,0.00014025921398985776,9.122062942435982e-06,0.0,0.0,0.0,3.8351678285776815e-05,0.0,0.0,1.3027485379653326e-06
Lloyds,US,0.0,18.469804201896046,0.0,1.524629537905317,0.0,0.0,0.0,5.934601336576987,12.093295153039316,0.0,16.11228306434711,0.0,25.806264220558937,8.477221256535444,0.0,0.0,0.0,18.398117978034396,0.0,0.0,0.9364103912472962
Lloyds,WA,0.0,0.06620056176188109,0.0,0.03390941568415763,0.0,0.0,0.0,0.0150232022942825,0.14990901011373792,0.0,0.06395523352261101,0.0,0.1416173855819208,0.021437395091853037,0.0,0.0,0.0,0.07325369536441105,0.0,0.0,0.006282513242850889
Lloyds,WE,0.0,0.0008048648192625727,0.0,0.0016542159512297598,0.0,0.0,0.0,0.000138679848762283,0.008191993916528159,0.0,0.0006126303820511798,0.0,0.001953689602456049,0.00019744535477298332,0.0,0.0,0.0,0.000985676287303485,0.0,0.0,6.334650242776276e-05
Lloyds,WF,0.0,0.0015342374534688355,0.0,0.003546144932585732,0.0,0.0,0.0,0.000294967602580307,0.015611851840299715,0.0,0.00188776581227028,0.0,0.006133870496485953,0.0004202331688649409,0.0,0.0,0.0,0.010083287404248764,0.0,0.0,7.07571187821288e-05
Lloyds,WL,0.0,0.001475946324800333,0.0,0.000689282186019706,0.0,0.0,0.0,0.00022510307314072903,0.003160774430294834,0.0,0.0012044553002711824,0.0,0.005338079612041162,0.00032195890144048856,0.0,0.0,0.0,0.008003940330844181,0.0,0.0,0.00018999181253245156
Lloyds,WM,0.0,0.020645264499514038,0.0,0.0028434726439242456,0.0,0.0,0.0,0.0008023974313112747,0.010854508559729371,0.0,0.00461837639099719,0.0,0.020957020483751677,0.0011538903867205608,0.0,0.0,0.0,0.0077747501953289964,0.0,0.0,0.00043121701274890606
Lloyds,ZA,0.0,0.005294971292455274,0.0,0.0012573894277301658,0.0,0.0,0.0,0.001103158277112054,0.007080899112233585,0.0,0.003428563877255928,0.0,0.00846254475754474,0.001580107965690711,0.0,0.0,0.0,0.0037386281976205266,0.0,0.0,0.00034288705650413714
NatWest,AT,0.0,0.0007754508103048149,0.0,0.00029088385672214773,0.0,0.0,0.0,9.986102140641586e-05,0.0011213733737314839,0.0,0.000439509314155567,0.0,0.0011978635382094934,0.00014325539343892774,0.0,0.0,0.0,0.0003347947260791469,0.0,0.0,1.805413778862124e-05
NatWest,AU,0.0,0.0012710863138280174,0.0,0.0007601997493113613,0.0,0.0,0.0,0.00020838377552831434,0.0026759020449997717,0.0,0.0012860076390241021,0.0,0.0028695412336993535,0.0002986771776530706,0.0,0.0,0.0,0.0010023865394772325,0.0,0.0,0.00010426019864642003
NatWest,BE,0.0,0.023807565572955904,0.0,0.004759596867611989,0.0,0.0,0.0,0.00185928326718107,0.02053472584178549,0.0,0.00789744953070267,0.0,0.034035807735189966,0.002669269949568412,0.0,0.0,0.0,0.006550681551769301,0.0,0.0,0.0006562453685632241
NatWest,BG,0.0,2.3697545621012923e-05,0.0,2.1389012983953364e-05,0.0,0.0,0.0,4.0527612797554e-06,8.636570571043196e-05,0.0,2.117620863569899e-05,0.0,5.490852236105305e-05,5.792654643938594e-06,0.0,0.0,0.0,1.8845063857937106e-05,0.0,0.0,9.326932507658915e-07
NatWest,BR,0.0,0.0001871897947929745,0.0,8.043053235446345e-05,0.0,0.0,0.0,3.701103009775372e-05,0.0003532054980434337,0.0,0.00011527116398404001,0.0,0.00038697895512489503,5.291195799953129e-05,0.0,0.0,0.0,0.00023001316789464873,0.0,0.0,4.924629233414954e-07
NatWest,CA,0.0,0.0012334103843194206,0.0,0.0006468671309670384,0.0,0.0,0.0,0.00019597258861448258,0.0035661755095376915,0.0,0.001246613360942815,0.0,0.002717083986058927,0.0002800302454337869,0.0,0.0,0.0,0.0016702786007830616,0.0,0.0,0.000318591870997494
NatWest,CH,0.0,0.0034224320007385225,0.0,0.0011030464620641674,0.0,0.0,0.0,0.00012971822320914756,0.004108448771759987,0.0,0.001507431164924784,0.0,0.007083017044831519,0.0001860386228044466,0.0,0.0,0.0,0.0009146394046026998,0.0,0.0,0.0002179166501057062
NatWest,CN,0.0,0.014016618359593152,0.0,0.00603031148350683,0.0,0.0,0.0,0.0028996788797136614,0.019388038226312382,0.0,0.013097171034801479,0.0,0.023322103192769957,0.004151056125498771,0.0,0.0,0.0,0.01444853732884872,0.0,0.0,0.0004799760049797701
NatWest,CY,0.0,1.1171570313121657e-06,0.0,1.8743637688061112e-06,0.0,0.0,0.0,1.8767206343571068e-07,4.916936611620966e-06,0.0,2.4589824224487937e-06,0.0,2.4475615286681517e-06,2.677290503783492e-07,0.0,0.0,0.0,9.112027794541456e-07,0.0,0.0,6.247451319196725e-08
NatWest,CZ,0.0,0.0007831584923027611,0.0,0.0002577332465994508,0.0,0.0,0.0,0.00020205138171299432,0.0012765987333131729,0.0,0.0005681898471771637,0.0,0.001363298945440054,0.0002893564073317251,0.0,0.0,0.0,0.0006198383855024742,0.0,0.0,1.61834711857269e-05
NatWest,DE,0.0,0.16452868062577214,0.0,0.035415035994235615,0.0,0.0,0.0,0.02425618609310432,0.18634957216822035,0.0,0.07254557807639675,0.0,0.24344625261390257,0.034737348156755166,0.0,0.0,0.0,0.07616345642553049,0.0,0.0,0.00522111085176395
NatWest,DK,0.0,0.0012949817629028652,0.0,0.0010769725059721915,0.0,0.0,0.0,9.577389570565652e-05,0.005101588375120359,0.0,0.0006389074916560219,0.0,0.0023283986685381603,0.00013706277386884614,0.0,0.0,0.0,0.0007189593695048017,0.0,0.0,9.600667885661063e-05
NatWest,EE,0.0,1.3539599615188499e-05,0.0,1.0673929337060052e-05,0.0,0.0,0.0,3.6024201675953134e-06,5.2083317325744954e-05,0.0,1.1679460611296976e-05,0.0,3.1661418271691196e-05,5.145982630968563e-06,0.0,0.0,0.0,2.1209487902363398e-05,0.0,0.0,7.161219037562552e-07
NatWest,ES,0.0,0.016681955788331707,0.0,0.023640948472289938,0.0,0.0,0.0,0.005097612651540894,0.10484505254692503,0.0,0.022184080436166712,0.0,0.037632388751620775,0.007265293895238359,0.0,0.0,0.0,0.017132290348326848,0.0,0.0,0.001260713671372731
NatWest,FI,0.0,0.00028671911984121915,0.0,0.00014220211605987562,0.0,0.0,0.0,4.890495214309063e-05,0.0006923452338962652,0.0,0.00015491433985668617,0.0,0.0005404366899181302,6.997709142076007e-05,0.0,0.0,0.0,0.0002950257896182885,0.0,0.0,8.937284623445876e-06
NatWest,FR,0.0,0.13358357570615273,0.0,0.06567946043958249,0.0,0.0,0.0,0.011595867938883841,0.32066632804595835,0.0,0.05598212784100353,0.0,0.17343102699810153,0.016624550081758036,0.0,0.0,0.0,0.06088464619894852,0.0,0.0,0.007543012757267545
NatWest,GB,0.0,148.21175874694146,0.0,20.753961051942976,0.0,0.0,0.0,4.793261608205056,98.98336374837857,0.0,32.43564560741015,0.0,272.30209088361545,6.887690587059699,0.0,0.0,0.0,32.42152050406566,0.0,0.0,6.706378593664258
NatWest,GR,0.0,0.00018548700510611109,0.0,0.0001812232104962647,0.0,0.0,0.0,2.5180813302843257e-05,0.000496921395184191,0.0,0.0002678360286030063,0.0,0.00044263523368781414,3.5943700623906586e-05,0.0,0.0,0.0,0.0001659137652503016,0.0,0.0,1.4802791358516905e-05
NatWest,HR,0.0,6.101623184220418e-05,0.0,1.658761007516936e-05,0.0,0.0,0.0,2.852843176402704e-05,9.470153195209664e-05,0.0,7.348038228260891e-05,0.0,8.970948724633481e-05,4.065955737951886e-05,0.0,0.0,0.0,9.260695677520091e-05,0.0,0.0,1.5585933683428805e-06
NatWest,HU,0.0,0.0007260357664194532,0.0,0.00037411793460651434,0.0,0.0,0.0,0.00017115482654805807,0.0019613830798440586,0.0,0.0005381574966011559,0.0,0.0010073574239541096,0.00024443674577695945,0.0,0.0,0.0,0.0005742705774919731,0.0,0.0,4.496785517804171e-05
NatWest,ID,0.0,7.722600998822533e-06,0.0,3.30953733071738e-05,0.0,0.0,0.0,2.570328720759913e-06,0.0001550666125688905,0.0,4.3278494221075836e-05,0.0,5.5235566137486584e-05,3.6481761440961653e-06,0.0,0.0,0.0,5.2913191672483596e-05,0.0,0.0,1.1951040027357378e-05
NatWest,IE,0.0,0.02553205546284286,0.0,0.012993377516993745,0.0,0.0,0.0,0.003360576375020127,0.059702617427879925,0.0,0.016533732479486647,0.0,0.10757011833352954,0.004792051080152911,0.0,0.0,0.0,0.018057775955455123,0.0,0.0,0.002236020279089095
NatWest,IN,0.0,0.0007007620365407373,0.0,0.0006848044777710943,0.0,0.0,0.0,5.494130949263709e-05,0.002405007292510415,0.0,0.0006305070645381062,0.0,0.001847859165290188,7.860277409711555e-05,0.0,0.0,0.0,0.0007536919722392114,0.0,0.0,2.915043077339522e-05
NatWest,IT,0.0,0.01467829140965221,0.0,0.005921382008883225,0.0,0.0,0.0,0.002453885264169457,0.025200022291503324,0.0,0.00975858686372369,0.0,0.02378171978251677,0.0035150404478542533,0.0,0.0,0.0,0.009418075746290243,0.0,0.0,0.0006329200165179603
NatWest,JP,0.0,0.007630840308253297,0.0,0.0011834865112262468,0.0,0.0,0.0,0.0009729433933542941,0.006955564692196143,0.0,0.002757830519453155,0.0,0.010992593066043261,0.0013927490338633646,0.0,0.0,0.0,0.0029520998547787653,0.0,0.0,0.0002420476515382875
NatWest,KR,0.0,0.00044094260655874225,0.0,0.00036193751128511234,0.0,0.0,0.0,7.527405220264651e-05,0.001625902266698078,0.0,0.0005056034216327284,0.0,0.0008156832175714997,0.00010756862036889365,0.0,0.0,0.0,0.00037989664650781984,0.0,0.0,8.609234150052078e-05
NatWest,LT,0.0,2.438725635350462e-05,0.0,1.6087509110141764e-05,0.0,0.0,0.0,4.581009479901867e-06,7.748007631526034e-05,0.0,1.6103431347005418e-05,0.0,4.702130585991307e-05,6.5515290936555004e-06,0.0,0.0,0.0,3.303388618695584e-05,0.0,0.0,1.2007624565115992e-06
NatWest,LU,0.0,0.004890716846186095,0.0,0.0006353937863283862,0.0,0.0,0.0,0.0015806412035615951,0.003917364265273962,0.0,0.004098862692087222,0.0,0.04983176125194893,0.002238354975293247,0.0,0.0,0.0,0.003946336931473519,0.0,0.0,0.0002145966423959494
NatWest,LV,0.0,1.1208400479513923e-05,0.0,1.669656036395145e-05,0.0,0.0,0.0,2.51494409536486e-06,7.810135600571432e-05,0.0,9.831545906995447e-06,0.0,5.238776598428328e-05,3.5894933581662014e-06,0.0,0.0,0.0,5.979694553029547e-05,0.0,0.0,5.620566873956728e-07
NatWest,MT,0.0,8.406224160417293e-06,0.0,5.187403290254967e-06,0.0,0.0,0.0,2.2162448046064167e-06,1.5293888705632794e-05,0.0,1.259177200279072e-05,0.0,2.0218040577789533e-05,3.1595003346939548e-06,0.0,0.0,0.0,7.670468353379955e-06,0.0,0.0,1.0383096069531566e-06
NatWest,MX,0.0,0.00017898923827997518,0.0,4.979052161757731e-05,0.0,0.0,0.0,5.281040599983147e-06,0.00015452619443365198,0.0,5.950545141583284e-05,0.0,0.0001647529747152032,7.602902835689797e-06,0.0,0.0,0.0,5.688674046366282e-05,0.0,0.0,2.384645436357285e-06
NatWest,NL,0.0,0.0563647675283752,0.0,0.012229367261759015,0.0,0.0,0.0,0.003507999521479263,0.05143822577321801,0.0,0.018217720536096004,0.0,0.06507698658055541,0.005039222599263053,0.0,0.0,0.0,0.017160964186491066,0.0,0.0,0.0018943555566661734
NatWest,NO,0.0,0.0035316178839040592,0.0,0.004920037796101344,0.0,0.0,0.0,0.0009643224423554278,0.024486901331861252,0.0,0.003059244471763723,0.0,0.008357762807983473,0.0013728104326530507,0.0,0.0,0.0,0.00358782293994692,0.0,0.0,0.00010756477122131718
NatWest,PL,0.0,0.005841043956194838,0.0,0.005117864571000035,0.0,0.0,0.0,0.001576677121828588,0.02671365341321371,0.0,0.004527485943324724,0.0,0.009593909696298869,0.0022468300570743995,0.0,0.0,0.0,0.005201328315530044,0.0,0.0,0.00026062609626735576
NatWest,PT,0.0,0.0004242198973089593,0.0,0.00031248585748307005,0.0,0.0,0.0,9.199805337783137e-05,0.0011258265373393277,0.0,0.00044429499667829325,0.0,0.0007800178084110519,0.00013148679238733272,0.0,0.0,0.0,0.0003140361568437542,0.0,0.0,1.1960776614392145e-05
NatWest,RO,0.0,0.00010237340284524253,0.0,0.00016333247243405593,0.0,0.0,0.0,1.3017907822825308e-05,0.0008021850785854785,0.0,4.6291776954594975e-05,0.0,0.0002213342004226339,1.854757278570575e-05,0.0,0.0,0.0,6.493047553463324e-05,0.0,0.0,0.0
NatWest,RU,0.0,0.008320124386567897,0.0,0.004521333362520561,0.0,0.0,0.0,2.5074795729530852e-05,0.018581723371829638,0.0,0.00259168459057911,0.0,0.015573889302478886,3.592399994614401e-05,0.0,0.0,0.0,0.00276136510982922,0.0,0.0,0.0003335298428838074
NatWest,SE,0.0,0.008638472681094743,0.0,0.0014219705288659797,0.0,0.0,0.0,0.0004689266759686554,0.006808335968075041,0.0,0.002781371133246096,0.0,0.00902923640953892,0.0006737010726912339,0.0,0.0,0.0,0.0029960315659945877,0.0,0.0,0.0005211747460704149
NatWest,SI,0.0,5.2085532806391184e-05,0.0,2.6673861188315193e-05,0.0,0.0,0.0,1.3978584626271741e-05,0.00013686150042896493,0.0,4.623621444301544e-05,0.0,8.348713377896613e-05,1.9963041474460427e-05,0.0,0.0,0.0,4.7269388349428134e-05,0.0,0.0,4.161520238953308e-06
NatWest,SK,0.0,0.0008794547834626002,0.0,0.0005484431694147583,0.0,0.0,0.0,0.0004336219636161233,0.003154006770111791,0.0,0.0010130754592610955,0.0,0.0010685385633553244,0.0006155225032264959,0.0,0.0,0.0,0.0011652421491902033,0.0,0.0,1.0898343374067428e-05
NatWest,TR,0.0,0.0007275603700978347,0.0,0.0005309530055121482,0.0,0.0,0.0,0.0003451389298519485,0.002066534146762181,0.0,0.001250093117366378,0.0,0.001547348495128202,0.0004920250875695202,0.0,0.0,0.0,0.0012189546197326386,0.0,0.0,5.002334771522073e-05
NatWest,TW,0.0,6.0408533144755674e-05,0.0,2.849039922933729e-05,0.0,0.0,0.0,8.414013547725786e-06,9.548649418361124e-05,0.0,4.672586795451771e-05,0.0,0.00021215382069453964,1.2082680954993179e-05,0.0,0.0,0.0,5.1579998634673987e-05,0.0,0.0,2.05429465893955e-06
NatWest,US,0.0,18.12106842770285,0.0,1.6657536668162871,0.0,0.0,0.0,5.148595143731294,12.406133580847568,0.0,14.773870945942074,0.0,25.145416314818217,7.358614473673928,0.0,0.0,0.0,16.676750974594594,0.0,0.0,1.1282464223956647
NatWest,WA,0.0,0.06386415678749242,0.0,0.04733988731494726,0.0,0.0,0.0,0.008606491681239932,0.20826102630291846,0.0,0.060670294129116356,0.0,0.15109635046464528,0.01231006191749285,0.0,0.0,0.0,0.06393111038918725,0.0,0.0,0.009827396423631308
NatWest,WE,0.0,2.38975886368107,0.0,0.4804781688362865,0.0,0.0,0.0,0.5866897099657014,2.737332913316067,0.0,2.1249042347606726,0.0,4.58565750926051,0.84082310954419,0.0,0.0,0.0,3.0677799681964455,0.0,0.0,0.2669818759377512
NatWest,WF,0.0,0.0017307603390655994,0.0,0.005585642948438352,0.0,0.0,0.0,0.00012852858553605276,0.02584565122355676,0.0,0.0016128779044204868,0.0,0.007313416267250298,0.00018309738170399186,0.0,0.0,0.0,0.008726530729978492,0.0,0.0,9.994670366106845e-05
NatWest,WL,0.0,0.0013832130411075578,0.0,0.0007244901145851596,0.0,0.0,0.0,0.00015754246831270897,0.003353215756797195,0.0,0.0010959406085928156,0.0,0.004941763741285306,0.00022548675636640576,0.0,0.0,0.0,0.006851071344425257,0.0,0.0,0.00021542795930766452
NatWest,WM,0.0,0.0214980110086475,0.0,0.0034319498736214214,0.0,0.0,0.0,0.0008136217698129422,0.013599948471206618,0.0,0.0051413994003490174,0.0,0.022952329570395738,0.0011701541673148556,0.0,0.0,0.0,0.00871887369736539,0.0,0.0,0.0005849629116310004
NatWest,ZA,0.0,0.004499659006240963,0.0,0.001084091782365333,0.0,0.0,0.0,0.0009367576178534693,0.006081085875236308,0.0,0.002923000586976386,0.0,0.007213447333260433,0.0013417832386913716,0.0,0.0,0.0,0.0031854466406385875,0.0,0.0,0.0002934483911438602
Nationwide,AT,0.0,1.9792304859496035e-05,0.0,6.009402071930348e-06,0.0,0.0,0.0,2.1892499705266812e-06,1.808302435559258e-05,0.0,1.1822261387834106e-05,0.0,3.277886325975006e-05,3.1420885534662254e-06,0.0,0.0,0.0,7.25517322335611e-06,0.0,0.0,4.62194768294177e-07
Nationwide,AU,0.0,0.018453364189324424,0.0,0.0006287864446277307,0.0,0.0,0.0,0.002625264923620979,0.006166890033326362,0.0,0.007933619552064928,0.0,0.0400917339196876,0.0037679980455278357,0.0,0.0,0.0,0.00886414664905121,0.0,0.0,0.0008587523468176997
Nationwide,BE,0.0,0.0010802527872865234,0.0,0.00015391246925476788,0.0,0.0,0.0,0.00011972849509593615,0.0005626811705218767,0.0,0.0004756818567829824,0.0,0.0024991320325474663,0.00017150830732139938,0.0,0.0,0.0,0.000363335746004816,0.0,0.0,3.084842528394381e-05
Nationwide,BG,0.0,2.559484734319006e-07,0.0,2.1553995244687393e-07,0.0,0.0,0.0,4.8457953625551855e-08,6.165033518941984e-07,0.0,3.417290784240613e-07,0.0,6.125871396647886e-07,6.936940243356323e-08,0.0,0.0,0.0,1.792248300125777e-07,0.0,0.0,1.1873022175507272e-08
Nationwide,BR,0.0,6.032176123493274e-06,0.0,1.3026163478263149e-06,0.0,0.0,0.0,1.0698072677285888e-06,4.721591367167913e-06,0.0,3.4828374244031806e-06,0.0,1.6334415471563152e-05,1.5289433636759498e-06,0.0,0.0,0.0,4.217833324253829e-06,0.0,0.0,1.1480565464183592e-08
Nationwide,CA,0.0,0.11457283141036441,0.0,0.0038655194570581704,0.0,0.0,0.0,0.03917319780506988,0.10571215532522941,0.0,0.13083732763800535,0.0,0.22032364979908178,0.05599982042077894,0.0,0.0,0.0,0.15509566154275847,0.0,0.0,0.02337143361785606
Nationwide,CH,0.0,0.00015516752324381186,0.0,4.300212166977076e-05,0.0,0.0,0.0,6.673473287392353e-06,0.00013618652657413317,0.0,7.498336644242154e-05,0.0,0.0006203116970999786,9.533500143965051e-06,0.0,0.0,0.0,3.810175107078728e-05,0.0,0.0,9.365002227874724e-06
Nationwide,CN,0.0,0.000303882659244595,0.0,0.00011738282930983146,0.0,0.0,0.0,5.701090684501811e-05,0.000337713388536122,0.0,0.00027247573783255004,0.0,0.0004976427230066108,8.172281313395791e-05,0.0,0.0,0.0,0.000276982879981194,0.0,0.0,9.32235448112633e-06
Nationwide,CY,0.0,6.858761286910307e-08,0.0,9.386854029860543e-08,0.0,0.0,0.0,1.1247950552775478e-08,1.9528896769497125e-07,0.0,1.5382318810743534e-07,0.0,2.52745581426883e-07,1.6028038473716535e-08,0.0,0.0,0.0,3.94571954828249e-08,0.0,0.0,4.907798842083534e-09
Nationwide,CZ,0.0,1.2776893113594878e-05,0.0,2.2936507583803517e-06,0.0,0.0,0.0,2.894232874647328e-06,1.098536862751434e-05,0.0,8.265418246005303e-06,0.0,1.9418187878154853e-05,4.150882317419442e-06,0.0,0.0,0.0,8.866151326020463e-06,0.0,0.0,2.187621903556771e-07
Nationwide,DE,0.0,0.02925065587265949,0.0,0.0011490583636029083,0.0,0.0,0.0,0.008334426810873045,0.013426649517043325,0.0,0.02071508460750058,0.0,0.051378678760922225,0.011915891951412155,0.0,0.0,0.0,0.0238181424503868,0.0,0.0,0.0008256833004170956
Nationwide,DK,0.0,0.0004349620994994271,0.0,7.457580824411883e-05,0.0,0.0,0.0,4.951276957974775e-05,0.0003490311626396597,0.0,0.0001894251817238651,0.0,0.0011030592747837185,7.094089429457585e-05,0.0,0.0,0.0,0.00016875131695882913,0.0,0.0,1.988645163174055e-05
Nationwide,EE,0.0,7.814618262577752e-07,0.0,3.6481860048123347e-07,0.0,0.0,0.0,2.4901478936179386e-07,1.699629069208139e-06,0.0,7.586658584679087e-07,0.0,1.9262146692725583e-06,3.5615263226112606e-07,0.0,0.0,0.0,1.2209155714057094e-06,0.0,0.0,2.7841652708763362e-08
Nationwide,ES,0.0,0.0003856265323779901,0.0,0.00028477495667626025,0.0,0.0,0.0,0.00011465258404392599,0.0008611513969716059,0.0,0.0005671717910490324,0.0,0.0011838964838675272,0.0001639785635685954,0.0,0.0,0.0,0.0003722283726815226,0.0,0.0,2.4347982370124682e-05
Nationwide,FI,0.0,0.0014242636819239202,0.0,0.00010474193399357628,0.0,0.0,0.0,0.00018536858489364626,0.0006229904161625578,0.0,0.000528131513519558,0.0,0.002031503717244894,0.0002659317770150666,0.0,0.0,0.0,0.0006056277238578498,0.0,0.0,3.3768173871005876e-05
Nationwide,FR,0.0,0.030241512288460514,0.0,0.0010253415915323905,0.0,0.0,0.0,0.009106288060466053,0.012424397829405446,0.0,0.022268865477442452,0.0,0.0533948350315471,0.013000877457095559,0.0,0.0,0.0,0.025022586714415047,0.0,0.0,0.0007177510984913823
Nationwide,GB,0.0,12.021953786970904,0.0,0.9033799571676194,0.0,0.0,0.0,0.3715438458337595,4.30878684048761,0.0,2.0654056015132345,0.0,44.14994679777075,0.5325887533649949,0.0,0.0,0.0,1.8215504831032583,0.0,0.0,0.38979366419099726
Nationwide,GR,0.0,5.790496195409493e-06,0.0,6.741405854374275e-06,0.0,0.0,0.0,9.171102444839611e-07,1.6430139062457144e-05,0.0,1.0216630174966492e-05,0.0,1.8369495209814876e-05,1.3074330773455805e-06,0.0,0.0,0.0,3.576361031020297e-06,0.0,0.0,4.1867995767061276e-07
Nationwide,HR,0.0,2.9781955391164745e-07,0.0,1.4730686498604365e-07,0.0,0.0,0.0,9.608634943027945e-08,4.4346893157774087e-07,0.0,3.761525540768531e-07,0.0,4.6814377759187507e-07,1.3723874610005816e-07,0.0,0.0,0.0,2.739092894548749e-07,0.0,0.0,6.145238038186977e-09
Nationwide,HU,0.0,1.7302598401730306e-05,0.0,2.482922736446017e-06,0.0,0.0,0.0,2.8542272097692233e-06,1.1738083159787489e-05,0.0,9.350863711146634e-06,0.0,2.4027219443344998e-05,4.0935373108389225e-06,0.0,0.0,0.0,8.903015627562803e-06,0.0,0.0,6.366776156728609e-07
Nationwide,ID,0.0,1.5042831382029654e-07,0.0,3.916121407611428e-07,0.0,0.0,0.0,5.191909916005163e-08,1.5868682319073634e-06,0.0,5.857610207282045e-07,0.0,1.063179918357115e-06,7.369018448298516e-08,0.0,0.0,0.0,5.714276640463977e-07,0.0,0.0,1.1650590351903016e-07
Nationwide,IE,0.0,0.002532066794556968,0.0,0.00115072123872951,0.0,0.0,0.0,0.00031587902250864943,0.004931454117173708,0.0,0.0014417807424912065,0.0,0.022027051685896193,0.00044822290815812744,0.0,0.0,0.0,0.0011145598904392917,0.0,0.0,0.00013179005526672946
Nationwide,IN,0.0,3.054692497023383e-05,0.0,2.0387270907015733e-05,0.0,0.0,0.0,3.0773452117585184e-06,5.586308596124895e-05,0.0,2.8468520289029534e-05,0.0,0.00011739196886671207,4.395293766058011e-06,0.0,0.0,0.0,2.0056917880519057e-05,0.0,0.0,7.649935834021964e-07
Nationwide,IT,0.0,0.00040081777334661286,0.0,0.00010772379660179184,0.0,0.0,0.0,7.041349716244982e-05,0.0004045523144023464,0.0,0.00027362075146570555,0.0,0.0008539752461476438,0.00010074922406781418,0.0,0.0,0.0,0.00021233153926361983,0.0,0.0,1.4733965977947115e-05
Nationwide,JP,0.0,0.0002547561813258531,0.0,2.044023806518811e-05,0.0,0.0,0.0,3.777702987800021e-05,0.00014255817553275615,0.0,0.00010592467235964163,0.0,0.0006355377202760818,5.4007510768038026e-05,0.0,0.0,0.0,0.00011334183611240289,0.0,0.0,9.39525705446703e-06
Nationwide,KR,0.0,1.7584875646303672e-05,0.0,7.78522317713086e-06,0.0,0.0,0.0,3.075763961432584e-06,3.2038994341722506e-05,0.0,1.985603146531942e-05,0.0,4.528632032106342e-05,4.403807377498437e-06,0.0,0.0,0.0,1.575385372528284e-05,0.0,0.0,3.447808068069443e-06
Nationwide,LT,0.0,1.9383421603287015e-07,0.0,1.464245407416158e-07,0.0,0.0,0.0,4.9986158889598086e-08,6.406754748365674e-07,0.0,1.9312536141611048e-07,0.0,4.909245770802073e-07,7.142450308068702e-08,0.0,0.0,0.0,2.578675403101958e-07,0.0,0.0,1.099458127271405e-08
Nationwide,LU,0.0,0.0010836934399071694,0.0,0.00014668804443729482,0.0,0.0,0.0,0.00039146362010474266,0.0009084500832718387,0.0,0.0009734307073395557,0.0,0.014152084806558132,0.0005531184278814378,0.0,0.0,0.0,0.0009307731611084331,0.0,0.0,4.0934693844197014e-05
Nationwide,LV,0.0,5.793334003650245e-07,0.0,7.378557475929731e-07,0.0,0.0,0.0,1.2873471701714554e-07,3.4451620252902747e-06,0.0,4.842581206526819e-07,0.0,2.8525104158910198e-06,1.8401474778581497e-07,0.0,0.0,0.0,1.5127882609865333e-06,0.0,0.0,2.968340460334794e-08
Nationwide,MT,0.0,1.5767529562411008e-06,0.0,5.601860662978702e-07,0.0,0.0,0.0,4.263276312023193e-07,1.6955654708948613e-06,0.0,1.7981890632287902e-06,0.0,4.27243257207956e-06,6.070675208813352e-07,0.0,0.0,0.0,1.2835924783238954e-06,0.0,0.0,1.0640956990987252e-07
Nationwide,MX,0.0,6.042789339276643e-07,0.0,6.205709802879244e-07,0.0,0.0,0.0,2.3992945169074332e-08,1.298812129890794e-06,0.0,8.625188241341884e-07,0.0,1.0342470847869585e-06,3.4398273263691043e-08,0.0,0.0,0.0,1.450552100369505e-07,0.0,0.0,1.4132333240447619e-08
Nationwide,NL,0.0,0.002569179931596331,0.0,0.0002921355959398102,0.0,0.0,0.0,0.0001521255662315575,0.00107202519776124,0.0,0.0007306840246207603,0.0,0.0031239313258247295,0.00021889044671401453,0.0,0.0,0.0,0.0005593187966431712,0.0,0.0,6.32454330582074e-05
Nationwide,NO,0.0,0.01536292706636915,0.0,0.0009151032403234119,0.0,0.0,0.0,0.008486851948329488,0.012107867428658272,0.0,0.019117531616120304,0.0,0.03396665093563144,0.012047777205872625,0.0,0.0,0.0,0.023940097698758767,0.0,0.0,8.316207323191217e-05
Nationwide,PL,0.0,8.190599858628449e-05,0.0,1.8955161771227802e-05,0.0,0.0,0.0,1.6967814910577798e-05,9.212587435505044e-05,0.0,5.340793476826929e-05,0.0,0.00014654017786802103,2.4304909452068477e-05,0.0,0.0,0.0,5.432074646570758e-05,0.0,0.0,3.28732001659101e-06
Nationwide,PT,0.0,9.815552177445122e-06,0.0,7.1122547415766945e-06,0.0,0.0,0.0,2.0672452017083913e-06,1.932400691476907e-05,0.0,1.2484878991562644e-05,0.0,1.986214639226412e-05,2.957507190567325e-06,0.0,0.0,0.0,6.5855327167476535e-06,0.0,0.0,2.7089685399034705e-07
Nationwide,RO,0.0,2.0285911728159482e-06,0.0,6.2532123129826e-07,0.0,0.0,0.0,1.255671140196696e-07,2.388685611658484e-06,0.0,6.026176053742117e-07,0.0,3.7549820978647688e-06,1.8000604628267735e-07,0.0,0.0,0.0,5.468375534847899e-07,0.0,0.0,0.0
Nationwide,RU,0.0,0.0001284162546676262,0.0,2.2525587796693526e-05,0.0,0.0,0.0,3.1409858568017634e-07,8.136254941054272e-05,0.0,1.9814088222243117e-05,0.0,0.0002857193461002209,4.500910126606985e-07,0.0,0.0,0.0,1.9910713701522964e-05,0.0,0.0,2.4304727939970033e-06
Nationwide,SE,0.0,0.008266601016472556,0.0,0.0007689933396583354,0.0,0.0,0.0,0.0006269095622085789,0.0047929884378651024,0.0,0.0032050566091237796,0.0,0.015308835912197291,0.0009018538952991632,0.0,0.0,0.0,0.0034961082971517563,0.0,0.0,0.0007114359485914577
Nationwide,SI,0.0,4.819151416382545e-07,0.0,1.5828255638126498e-07,0.0,0.0,0.0,1.1462231182736587e-07,7.324908693906192e-07,0.0,4.2246612544995494e-07,0.0,8.228074000558846e-07,1.6411058605656686e-07,0.0,0.0,0.0,3.980945451276401e-07,0.0,0.0,3.864443197314715e-08
Nationwide,SK,0.0,1.6454705953886978e-06,0.0,4.120889144197191e-07,0.0,0.0,0.0,5.187319718277282e-07,2.2370751951596077e-06,0.0,1.3887463721779098e-06,0.0,2.4905084122555216e-06,7.421510521634146e-07,0.0,0.0,0.0,1.5992575764778438e-06,0.0,0.0,4.326087487108564e-08
Nationwide,TR,0.0,1.548620197164747e-05,0.0,1.1890455985275573e-05,0.0,0.0,0.0,7.945125809698001e-06,4.0211937952272896e-05,0.0,3.165924177780123e-05,0.0,3.634094092652608e-05,1.1304956299651238e-05,0.0,0.0,0.0,2.5513864837706553e-05,0.0,0.0,1.5674993396709889e-06
Nationwide,TW,0.0,1.1906211451516136e-06,0.0,4.773588505631893e-07,0.0,0.0,0.0,1.8932988581753497e-07,1.4605574471974594e-06,0.0,9.797874636110003e-07,0.0,4.029974268169686e-06,2.7186144743563313e-07,0.0,0.0,0.0,7.16911076767228e-07,0.0,0.0,3.6711080193222505e-08
Nationwide,US,0.0,0.048415446159560754,0.0,0.005482126524136633,0.0,0.0,0.0,0.0056989016276031024,0.022983304210252152,0.0,0.02378855641811483,0.0,0.11500439700568613,0.00814678315140123,0.0,0.0,0.0,0.020072016004119574,0.0,0.0,0.002725804801408864
Nationwide,WA,0.0,0.011914343461477989,0.0,0.0028560529404057875,0.0,0.0,0.0,0.004117329137852572,0.013029810976806906,0.0,0.013286469482567157,0.0,0.030610599000098014,0.005881444981458793,0.0,0.0,0.0,0.01355301191815368,0.0,0.0,0.0008123832688873712
Nationwide,WE,0.0,9.114695608972734e-06,0.0,4.331389363309961e-06,0.0,0.0,0.0,1.0072705875188636e-06,1.76416078378904e-05,0.0,6.406265446207816e-06,0.0,2.2316891534353986e-05,1.4422655478722072e-06,0.0,0.0,0.0,8.076498455326482e-06,0.0,0.0,8.320976313173101e-07
Nationwide,WF,0.0,4.7775743609359034e-05,0.0,3.7428325467080487e-05,0.0,0.0,0.0,5.240612426881598e-06,0.00010878449747914843,0.0,5.1112104034167357e-05,0.0,0.00021444541112871222,7.4844317718843244e-06,0.0,0.0,0.0,6.712361637042719e-05,0.0,0.0,2.626655015756008e-06
Nationwide,WL,0.0,4.178988619704584e-05,0.0,1.0045685556127284e-05,0.0,0.0,0.0,5.731922798329216e-06,4.537024497075349e-05,0.0,2.8986987701781864e-05,0.0,0.00015364277647158495,8.202152213523179e-06,0.0,0.0,0.0,3.769225770436293e-05,0.0,0.0,4.60641023545132e-06
Nationwide,WM,0.0,0.00032162132355760244,0.0,9.266474452137116e-05,0.0,0.0,0.0,2.9124568638666855e-05,0.0003337265499614615,0.0,0.00016826086401903868,0.0,0.0008717820693805478,4.172932680585131e-05,0.0,0.0,0.0,0.00017189441393872376,0.0,0.0,1.5785366580301513e-05
Nationwide,ZA,0.0,1.0311010751548871e-06,0.0,7.76820107085156e-07,0.0,0.0,0.0,2.835141841186538e-07,2.3639113451374564e-06,0.0,1.5283686414408594e-06,0.0,3.2247866569216785e-06,4.049963624491837e-07,0.0,0.0,0.0,1.0221506725487153e-06,0.0,0.0,7.499084649066965e-08
Santander UK,AT,0.0,8.84114587955282e-05,0.0,3.092053911066912e-05,0.0,0.0,0.0,1.0021830558444297e-05,0.00011309622175392087,0.0,4.824435307920226e-05,0.0,0.00012862976221295267,1.4380412629507832e-05,0.0,0.0,0.0,3.4309868919584674e-05,0.0,0.0,2.058341100176032e-06
Santander UK,AU,0.0,0.00011953454613036884,0.0,7.259472088466367e-05,0.0,0.0,0.0,1.8930656188450697e-05,0.00022349202257643537,0.0,0.00013863710632777365,0.0,0.0002655278795693611,2.7141286828886807e-05,0.0,0.0,0.0,0.00010507408130920434,0.0,0.0,1.1833610343616808e-05
Santander UK,BE,0.0,0.004352672720436124,0.0,0.0005894508379069594,0.0,0.0,0.0,0.00033082172833793334,0.0024836448459584436,0.0,0.0013246243478741292,0.0,0.006013929312488076,0.0004746656753136248,0.0,0.0,0.0,0.0011262015199046582,0.0,0.0,0.00010224839655045755
Santander UK,BG,0.0,3.238611919797443e-06,0.0,1.658155631896769e-06,0.0,0.0,0.0,3.8520735465663993e-07,6.033460377727794e-06,0.0,2.1378929935572064e-06,0.0,4.9701227720554155e-06,5.519572842227445e-07,0.0,0.0,0.0,1.7972938139799898e-06,0.0,0.0,8.61216636425496e-08
Santander UK,BR,0.0,2.2319133367882907e-05,0.0,6.758782541564084e-06,0.0,0.0,0.0,4.165843438211315e-06,2.8098131338811945e-05,0.0,1.3111234366990167e-05,0.0,4.500624223109297e-05,5.954910884876186e-06,0.0,0.0,0.0,2.4702155712067574e-05,0.0,0.0,6.540662403515255e-08
Santander UK,CA,0.0,0.0001179626006101517,0.0,6.0353566123222556e-05,0.0,0.0,0.0,2.2074750074481532e-05,0.0003193467339732513,0.0,0.00013039218037685707,0.0,0.00027595720246987844,3.150710494398283e-05,0.0,0.0,0.0,0.000142588651429985,0.0,0.0,2.933862001130072e-05
Santander UK,CH,0.0,0.0004408744862086571,0.0,0.00013532520884305436,0.0,0.0,0.0,1.747512643490875e-05,0.0004807694838486999,0.0,0.0002067096177006904,0.0,0.0010646812613383104,2.5039468726558742e-05,0.0,0.0,0.0,0.00012151225653696307,0.0,0.0,2.9406915201524868e-05
Santander UK,CN,0.0,0.0013697159318899613,0.0,0.000540797009607081,0.0,0.0,0.0,0.0002678292413304641,0.001639688405264317,0.0,0.001242198985715077,0.0,0.0021783071807428022,0.000383614610347846,0.0,0.0,0.0,0.0013425534264749947,0.0,0.0,4.504572492492319e-05
Santander UK,CY,0.0,1.8108170683795233e-07,0.0,2.550207382316673e-07,0.0,0.0,0.0,3.005235847977488e-08,5.725191239770459e-07,0.0,3.907384618440501e-07,0.0,4.2383222697717663e-07,4.287978702259483e-08,0.0,0.0,0.0,1.5045161230974592e-07,0.0,0.0,1.040235012585535e-08
Santander UK,CZ,0.0,8.417988144323758e-05,0.0,2.5916926580491513e-05,0.0,0.0,0.0,2.064999899347948e-05,0.0001273411457790515,0.0,5.8765118512585546e-05,0.0,0.00014032802468561372,2.957951171276448e-05,0.0,0.0,0.0,6.345027911596783e-05,0.0,0.0,1.7488453347195865e-06
Santander UK,DE,0.0,0.027949445417524692,0.0,0.00395973717129025,0.0,0.0,0.0,0.0040625822920092895,0.021959482751246127,0.0,0.012027166622431031,0.0,0.04405508188565438,0.005816744316527545,0.0,0.0,0.0,0.012660219499393568,0.0,0.0,0.000922204309009236
Santander UK,DK,0.0,0.00017911622293897606,0.0,0.00011390603367550285,0.0,0.0,0.0,1.0435587273991204e-05,0.0005299398479582699,0.0,7.941290782476818e-05,0.0,0.0002927220957444039,1.4942937448707974e-05,0.0,0.0,0.0,8.889733495545713e-05,0.0,0.0,1.2693244793365537e-05
Santander UK,EE,0.0,1.3546636921116092e-06,0.0,8.587673047687719e-07,0.0,0.0,0.0,3.2946431276817626e-07,4.097792969027895e-06,0.0,1.0933297940528227e-06,0.0,2.99732124512028e-06,4.709591907486651e-07,0.0,0.0,0.0,1.7810654930091728e-06,0.0,0.0,6.387311193229944e-08
Santander UK,ES,0.0,0.00195411933193952,0.0,0.002572879390070011,0.0,0.0,0.0,0.0005872371818051229,0.010997101967695853,0.0,0.002683443463696976,0.0,0.004525464674392307,0.0008373416397778622,0.0,0.0,0.0,0.0020318107028473534,0.0,0.0,0.00015033569421448907
Santander UK,FI,0.0,2.8862018902460085e-05,0.0,1.148306968422658e-05,0.0,0.0,0.0,4.343270473445138e-06,5.525046619513022e-05,0.0,1.4279288014317335e-05,0.0,5.005466974460601e-05,6.2176154356532095e-06,0.0,0.0,0.0,2.5185037828621268e-05,0.0,0.0,9.04734585809419e-07
Santander UK,FR,0.0,0.022980428583564822,0.0,0.007217885400855205,0.0,0.0,0.0,0.001955038539756368,0.03478200977283089,0.0,0.008827181064823181,0.0,0.027742553399317447,0.0028054780748028563,0.0,0.0,0.0,0.009904291100592735,0.0,0.0,0.001090268009558649
Santander UK,GB,0.0,27.68153146753031,0.0,2.617318928950958,0.0,0.0,0.0,0.8727187631273627,12.474862359457964,0.0,5.423008493499405,0.0,57.501440149071165,1.254468091535683,0.0,0.0,0.0,5.041432948012451,0.0,0.0,1.0727177477695375
Santander UK,GR,0.0,2.745783674734002e-05,0.0,2.43176826815995e-05,0.0,0.0,0.0,3.0585758841973434e-06,6.282328593623886e-05,0.0,3.709719223553175e-05,0.0,5.932243407839144e-05,4.367323991331239e-06,0.0,0.0,0.0,2.152750577033834e-05,0.0,0.0,2.129134167457532e-06
Santander UK,HR,0.0,1.2065206285809766e-06,0.0,7.21874451320221e-07,0.0,0.0,0.0,3.536848765433151e-07,2.6217690120565215e-06,0.0,1.381795603571399e-06,0.0,1.6289664854265784e-06,5.050511725825939e-07,0.0,0.0,0.0,1.0675296370364684e-06,0.0,0.0,3.096215564492955e-08
Santander UK,HU,0.0,9.197624368774013e-05,0.0,3.752404886522623e-05,0.0,0.0,0.0,1.8259153372029397e-05,0.0001967790082751755,0.0,5.9488812692766365e-05,0.0,0.00011541785492457514,2.610038468721889e-05,0.0,0.0,0.0,6.188552647491509e-05,0.0,0.0,5.4786180762938e-06
Santander UK,ID,0.0,7.620646206417256e-07,0.0,3.0476750621127774e-06,0.0,0.0,0.0,2.499411359678425e-07,1.39955917974248e-05,0.0,3.883543488820737e-06,0.0,5.2333884455054526e-06,3.546073770509887e-07,0.0,0.0,0.0,4.901964433571722e-06,0.0,0.0,1.0059442450973616e-06
Santander UK,IE,0.0,0.00776092092103444,0.0,0.0026082945416490604,0.0,0.0,0.0,0.0013976444268400615,0.01310925399489626,0.0,0.005389748463484495,0.0,0.032104810671277025,0.001990456184230795,0.0,0.0,0.0,0.0056253967860487395,0.0,0.0,0.0006994282165173129
Santander UK,IN,0.0,9.654103833681457e-05,0.0,7.322478389540065e-05,0.0,0.0,0.0,8.013515473984362e-06,0.0002319690228910485,0.0,8.540788742641454e-05,0.0,0.00024994771087511836,1.1463168202503258e-05,0.0,0.0,0.0,9.321247576847623e-05,0.0,0.0,3.86619565410236e-06
Santander UK,IT,0.0,0.0019642342536384115,0.0,0.0006998203646136442,0.0,0.0,0.0,0.0003169337588507444,0.0029094840690898714,0.0,0.001275904222937526,0.0,0.0031960154228148326,0.0004538547676904246,0.0,0.0,0.0,0.0012844805002150583,0.0,0.0,8.354014496866978e-05
Santander UK,JP,0.0,0.0011422520572643606,0.0,9.694695442991134e-05,0.0,0.0,0.0,0.00011451569786013326,0.0006187170127572324,0.0,0.0003401315789233912,0.0,0.0015967665406025492,0.00016407075499753988,0.0,0.0,0.0,0.00036396945165526826,0.0,0.0,3.608482747753391e-05
Santander UK,KR,0.0,4.868191825438054e-05,0.0,2.6251761904488776e-05,0.0,0.0,0.0,7.936477567777199e-06,0.00011212260092904462,0.0,5.403553472506116e-05,0.0,9.0711589130745e-05,1.135767039234688e-05,0.0,0.0,0.0,4.1642571885364225e-05,0.0,0.0,9.504354290835922e-06
Santander UK,LT,0.0,1.209281027583384e-06,0.0,1.0179642534997728e-06,0.0,0.0,0.0,2.474540038879289e-07,4.658945869998542e-06,0.0,9.826787441166427e-07,0.0,2.5677718116261925e-06,3.536155252630315e-07,0.0,0.0,0.0,1.7784939853766458e-06,0.0,0.0,6.606949550691619e-08
Santander UK,LU,0.0,0.0012077213286871915,0.0,0.00015317827407944096,0.0,0.0,0.0,0.0003993416710746684,0.0009508991348094508,0.0,0.0010124509959136634,0.0,0.013625928318890554,0.0005648537515920556,0.0,0.0,0.0,0.0009721649775696351,0.0,0.0,4.797782122383964e-05
Santander UK,LV,0.0,1.1858313833519038e-06,0.0,1.5971034217311541e-06,0.0,0.0,0.0,2.5442841838923516e-07,7.373117902461981e-06,0.0,1.0252956704498403e-06,0.0,5.146628840339899e-06,3.634146290539423e-07,0.0,0.0,0.0,3.6288234788743753e-06,0.0,0.0,5.952659687278418e-08
Santander UK,MT,0.0,1.7883818474115452e-06,0.0,9.025745950809714e-07,0.0,0.0,0.0,4.60054147894112e-07,2.5691825767831144e-06,0.0,2.408872155815237e-06,0.0,4.58760171596284e-06,6.556720943672281e-07,0.0,0.0,0.0,1.5120029336079247e-06,0.0,0.0,1.783985582991532e-07
Santander UK,MX,0.0,1.1390286434437774e-05,0.0,4.546720251021326e-06,0.0,0.0,0.0,3.554741183546957e-07,1.2835854006157509e-05,0.0,5.5867112871426405e-06,0.0,1.11250007157079e-05,5.115007918771708e-07,0.0,0.0,0.0,2.7607025204759947e-06,0.0,0.0,1.7823778541073723e-07
Santander UK,NL,0.0,0.009657507371473358,0.0,0.0014415265752554557,0.0,0.0,0.0,0.0005159196847269557,0.005872316757930547,0.0,0.0026715055844372324,0.0,0.010303341150244968,0.000741933681438477,0.0,0.0,0.0,0.0024710752406010006,0.0,0.0,0.00028186392355938525
Santander UK,NO,0.0,0.00020444918930386056,0.0,0.00037037491803002334,0.0,0.0,0.0,5.5634194359926146e-05,0.0018670762747513856,0.0,0.00018016304511427105,0.0,0.00047725293380634004,7.915628106091606e-05,0.0,0.0,0.0,0.00021806524054142001,0.0,0.0,6.996454518158329e-06
Santander UK,PL,0.0,0.0006066809659490297,0.0,0.0005079969838125828,0.0,0.0,0.0,0.0001567578798214624,0.0026412869793635595,0.0,0.00045963047786601747,0.0,0.0009648584663501061,0.00022338361060339848,0.0,0.0,0.0,0.0005242443462581478,0.0,0.0,2.764356210610407e-05
Santander UK,PT,0.0,4.874780713917113e-05,0.0,3.668730735540054e-05,0.0,0.0,0.0,1.0144214147148483e-05,0.0001221777918184401,0.0,5.46285719935121e-05,0.0,8.905230216829646e-05,1.4501541385283513e-05,0.0,0.0,0.0,3.654283029749846e-05,0.0,0.0,1.4159184758361957e-06
Santander UK,RO,0.0,1.189144932642291e-05,0.0,1.5830017479079703e-05,0.0,0.0,0.0,1.1298785386211594e-06,7.740553834500807e-05,0.0,4.333947984279507e-06,0.0,2.0927019801011455e-05,1.6088469856288682e-06,0.0,0.0,0.0,5.846629387076409e-06,0.0,0.0,0.0
Santander UK,RU,0.0,0.0006792917858942257,0.0,0.0002883174157551514,0.0,0.0,0.0,1.4745078554169361e-06,0.001259136657283267,0.0,0.00013008794594797845,0.0,0.0010596865550252129,2.1121782987627465e-06,0.0,0.0,0.0,0.00015614949553594587,0.0,0.0,1.8998942695822296e-05
Santander UK,SE,0.0,0.0016571285459068,0.0,0.0001746119663403399,0.0,0.0,0.0,6.981756681484956e-05,0.0008220774975605767,0.0,0.0004243014855997447,0.0,0.0015253914622678274,0.00010042035557437088,0.0,0.0,0.0,0.00042301254885621493,0.0,0.0,7.899032719357222e-05
Santander UK,SI,0.0,3.145804584129636e-06,0.0,2.1255955149685475e-06,0.0,0.0,0.0,8.818176136545732e-07,1.063208208478077e-05,0.0,3.0249485286455326e-06,0.0,5.018296133660999e-06,1.2572925180157082e-06,0.0,0.0,0.0,2.8637752677891986e-06,0.0,0.0,2.657402096850469e-07
Santander UK,SK,0.0,8.73262839061012e-05,0.0,5.460495677942778e-05,0.0,0.0,0.0,4.3097327498382536e-05,0.0003138301832368069,0.0,0.00010075620710864712,0.0,0.00010555267395757709,6.117333571356042e-05,0.0,0.0,0.0,0.00011567058122944083,0.0,0.0,1.0817651566740034e-06
Santander UK,TR,0.0,6.481388710538059e-05,0.0,5.349951912754256e-05,0.0,0.0,0.0,3.1125187917712076e-05,0.00019113175630941333,0.0,0.0001236413869846639,0.0,0.00014107895924559324,4.434757009785776e-05,0.0,0.0,0.0,0.0001127256643320433,0.0,0.0,5.342700065899434e-06
Santander UK,TW,0.0,6.058652915829402e-06,0.0,2.7119359697131536e-06,0.0,0.0,0.0,8.173163851188601e-07,8.824516100892526e-06,0.0,4.6112110452904935e-06,0.0,2.0307021909868207e-05,1.1736749897172327e-06,0.0,0.0,0.0,4.9824808606569915e-06,0.0,0.0,1.9571469012722685e-07
Santander UK,US,0.0,0.09962333867008412,0.0,0.011594225610143501,0.0,0.0,0.0,0.00909452478584737,0.05177276314647501,0.0,0.04004006634977853,0.0,0.16315871493597517,0.013032898109731636,0.0,0.0,0.0,0.03548660724680553,0.0,0.0,0.005092127286145754
Santander UK,WA,0.0,0.010223751426670664,0.0,0.005240323290947986,0.0,0.0,0.0,0.0012363137495908707,0.022148785439440606,0.0,0.008678520769772944,0.0,0.023897600954894467,0.001769385818439368,0.0,0.0,0.0,0.00871159526097707,0.0,0.0,0.0013979229196555848
Santander UK,WE,0.0,0.00013110158634726705,0.0,0.000294068195124553,0.0,0.0,0.0,1.4441463199582426e-05,0.001459469295047483,0.0,8.23826650970059e-05,0.0,0.0003245637089311336,2.057264281682355e-05,0.0,0.0,0.0,0.0001298155629000346,0.0,0.0,1.1447193875152664e-05
Santander UK,WF,0.0,0.00020766902397627036,0.0,0.000569320035422965,0.0,0.0,0.0,1.4906228615340166e-05,0.002600025486193845,0.0,0.0001871740673444779,0.0,0.0008212140183223209,2.1248238960581934e-05,0.0,0.0,0.0,0.0007981489295441305,0.0,0.0,1.1841504509167657e-05
Santander UK,WL,0.0,0.00015915635269419986,0.0,7.29552038945472e-05,0.0,0.0,0.0,1.9690401943983955e-05,0.0003347166125986593,0.0,0.0001295289261047712,0.0,0.0005158130965145794,2.8167532365207354e-05,0.0,0.0,0.0,0.000637921377296487,0.0,0.0,2.446233517080512e-05
Santander UK,WM,0.0,0.004721657152768926,0.0,0.000505728600719358,0.0,0.0,0.0,0.0001608035197722106,0.0019855488842972424,0.0,0.000922549701713247,0.0,0.004631755572000578,0.00023145855992437589,0.0,0.0,0.0,0.0014390460161675302,0.0,0.0,0.00010393188592673446
Santander UK,ZA,0.0,0.0003505857559062382,0.0,8.57469235706041e-05,0.0,0.0,0.0,7.316373044416272e-05,0.0004767717269561379,0.0,0.0002301009023766331,0.0,0.00056420480021937,0.00010479450134894176,0.0,0.0,0.0,0.0002504097991107706,0.0,0.0,2.3052369115518148e-05
Standard Chartered,AT,0.0,5.8522493607122684e-05,0.0,2.186670597220742e-05,0.0,0.0,0.0,7.529425552893205e-06,7.354501863278183e-05,0.0,3.766617954246914e-05,0.0,9.107963835698984e-05,1.080921975149882e-05,0.0,0.0,0.0,2.5352976674431197e-05,0.0,0.0,1.3674996748635286e-06
Standard Chartered,AU,0.0,0.010701757650328544,0.0,0.004087753377022155,0.0,0.0,0.0,0.002182700348966834,0.01525315296298233,0.0,0.009206128728691957,0.0,0.02121810464787115,0.0031277142140974015,0.0,0.0,0.0,0.011233733999873721,0.0,0.0,0.0005536554835744707
Standard Chartered,BE,0.0,0.0009827713320485001,0.0,0.0003480239976597297,0.0,0.0,0.0,9.659491987218036e-05,0.0015387822865758638,0.0,0.00039224906277317853,0.0,0.0013941795542529677,0.00013856138600269028,0.0,0.0,0.0,0.000301590073151147,0.0,0.0,2.3276070636033134e-05
Standard Chartered,BG,0.0,1.3091958615445077e-06,0.0,1.6685423918973341e-06,0.0,0.0,0.0,2.9504661207405305e-07,5.8673537298495835e-06,0.0,1.9236965717463168e-06,0.0,3.721857875232045e-06,4.212105816412857e-07,0.0,0.0,0.0,1.6466521320338678e-06,0.0,0.0,7.002747051235729e-08
Standard Chartered,BR,0.0,0.00026844441482760386,0.0,0.00011682311985101713,0.0,0.0,0.0,8.241381694841632e-05,0.0005521307205748239,0.0,0.000224101257227226,0.0,0.0005624029891402951,0.00011765748970919506,0.0,0.0,0.0,0.0005893427387874376,0.0,0.0,1.6804965825276186e-07
Standard Chartered,CA,0.0,0.0028049755503364495,0.0,0.0007752456741631443,0.0,0.0,0.0,0.0003191233139003232,0.0050489145932317795,0.0,0.0022660524450289128,0.0,0.005992968377015688,0.0004570673536956307,0.0,0.0,0.0,0.005686273350387204,0.0,0.0,0.0007022716772199217
Standard Chartered,CH,0.0,0.0022310490783001005,0.0,0.00024585277349128655,0.0,0.0,0.0,3.7973230612695244e-05,0.0009584239460935993,0.0,0.00035605747610021314,0.0,0.0024438008212459444,5.4515041212428167e-05,0.0,0.0,0.0,0.00027155109654572083,0.0,0.0,5.3577099704107775e-05
Standard Chartered,CN,0.0,0.07825687150202505,0.0,0.03409879521902811,0.0,0.0,0.0,0.01792219513638713,0.10821573374919488,0.0,0.0797380503269043,0.0,0.1410567056579489,0.025638832622128443,0.0,0.0,0.0,0.10479497628821606,0.0,0.0,0.0031868827380189123
Standard Chartered,CY,0.0,1.2698077241149627e-07,0.0,1.214511569144267e-07,0.0,0.0,0.0,2.023233474387983e-08,5.118288565622309e-07,0.0,1.095863909949963e-07,0.0,2.1777288882693557e-07,2.892135916110313e-08,0.0,0.0,0.0,7.118935670798403e-08,0.0,0.0,6.161056094194877e-09
Standard Chartered,CZ,0.0,1.959123325565268e-05,0.0,5.4895025665406144e-06,0.0,0.0,0.0,4.7743956886833676e-06,2.563334658099165e-05,0.0,1.4146412028501959e-05,0.0,3.068587198443202e-05,6.839912758124194e-06,0.0,0.0,0.0,1.4546162052109366e-05,0.0,0.0,4.2226783301459566e-07
Standard Chartered,DE,0.0,0.006965516063046084,0.0,0.0035259705163148297,0.0,0.0,0.0,0.0009477756234220163,0.017786207076765766,0.0,0.002950965527987592,0.0,0.009412653998976141,0.0013573931604965747,0.0,0.0,0.0,0.002939636560100714,0.0,0.0,0.00017949843481267314
Standard Chartered,DK,0.0,0.0001602813086916038,0.0,8.193790517889917e-05,0.0,0.0,0.0,9.999881834086696e-06,0.00038248904949419,0.0,5.262272789577965e-05,0.0,0.0002184672155754817,1.4315853001692254e-05,0.0,0.0,0.0,5.1918391915978295e-05,0.0,0.0,5.582943463925413e-06
Standard Chartered,EE,0.0,7.472341946184384e-07,0.0,8.437499952972163e-07,0.0,0.0,0.0,2.1585678130327533e-07,3.710777587282147e-06,0.0,9.180551419265858e-07,0.0,1.6941116260750478e-06,3.080998994346137e-07,0.0,0.0,0.0,8.768185672158328e-07,0.0,0.0,5.6669087674561535e-08
Standard Chartered,ES,0.0,0.0004334474933569093,0.0,0.00022246681332759998,0.0,0.0,0.0,0.00011061466740785856,0.0008823781510164555,0.0,0.0004409482506861658,0.0,0.0007963248308275432,0.00015825767305733434,0.0,0.0,0.0,0.00040911291525912413,0.0,0.0,2.5103624192879773e-05
Standard Chartered,FI,0.0,5.2727952303354566e-05,0.0,1.3802751762321779e-05,0.0,0.0,0.0,6.1209707767980586e-06,6.36655695013617e-05,0.0,2.1402285371454382e-05,0.0,8.534181538183156e-05,8.782441596483449e-06,0.0,0.0,0.0,2.5010188229922215e-05,0.0,0.0,1.3802872318308916e-06
Standard Chartered,FR,0.0,0.0064775713386421,0.0,0.0018523122470412172,0.0,0.0,0.0,0.0005731320201994902,0.008345475002131902,0.0,0.00248772338830909,0.0,0.008036331743682911,0.0008228991581577105,0.0,0.0,0.0,0.0023325343035233287,0.0,0.0,0.0002355378469564822
Standard Chartered,GB,0.0,0.006280961695598382,0.0,0.002171886667640668,0.0,0.0,0.0,0.00038257089241802836,0.009047205763166597,0.0,0.002303445086191007,0.0,0.009338883729490079,0.0005487056221023445,0.0,0.0,0.0,0.0016604708615131864,0.0,0.0,0.00021295889115748466
Standard Chartered,GR,0.0,6.582212162288549e-06,0.0,7.876417258286075e-06,0.0,0.0,0.0,1.7028758432518184e-06,3.122030133182372e-05,0.0,9.04087126567236e-06,0.0,1.88841002866323e-05,2.4247189431087388e-06,0.0,0.0,0.0,9.012434087379585e-06,0.0,0.0,4.873206028016383e-07
Standard Chartered,HR,0.0,8.61644699402263e-07,0.0,2.015517001497004e-06,0.0,0.0,0.0,3.149021575248942e-07,8.778179592609958e-06,0.0,1.4961357452594855e-06,0.0,1.5450571690327355e-06,4.475856266268251e-07,0.0,0.0,0.0,9.14013706485445e-07,0.0,0.0,2.971571797080643e-08
Standard Chartered,HU,0.0,3.6090049698755706e-05,0.0,8.866525692320647e-06,0.0,0.0,0.0,6.714950884219248e-06,4.8134593885274085e-05,0.0,2.9870422383919033e-05,0.0,4.921827555717899e-05,9.627993727864482e-06,0.0,0.0,0.0,2.9189846541141868e-05,0.0,0.0,5.08292289318624e-06
Standard Chartered,ID,0.0,0.00012818514770086354,0.0,0.0004475792805536013,0.0,0.0,0.0,4.620072623241683e-05,0.0022672789334467346,0.0,0.0006653726264025282,0.0,0.001065076587853864,6.560372416975128e-05,0.0,0.0,0.0,0.0009162311232147258,0.0,0.0,0.00020979795552564812
Standard Chartered,IE,0.0,0.0012893999364711672,0.0,0.00016870588208427217,0.0,0.0,0.0,0.00018335645276354098,0.0009665293815570304,0.0,0.0005644887166600229,0.0,0.0020171725258959386,0.0002625757183687346,0.0,0.0,0.0,0.0006120265281955757,0.0,0.0,5.318857663956854e-05
Standard Chartered,IN,0.0,0.0007672380784947692,0.0,0.0011871939314895227,0.0,0.0,0.0,0.00010757576870351039,0.00467740499394735,0.0,0.0008132976512916979,0.0,0.0030670468266542,0.00015365298067067086,0.0,0.0,0.0,0.0019077736099109197,0.0,0.0,1.538022594067084e-05
Standard Chartered,IT,0.0,0.0007328553183140271,0.0,0.00035606911616448334,0.0,0.0,0.0,0.0001461938546933272,0.0013932735344759132,0.0,0.0006136045039966319,0.0,0.0012184134896999624,0.0002093854821969314,0.0,0.0,0.0,0.0004944355048614119,0.0,0.0,3.067442701144259e-05
Standard Chartered,JP,0.0,0.0350474580945118,0.0,0.018629280263054486,0.0,0.0,0.0,0.009784781638156628,0.09668087415064225,0.0,0.026845016515998882,0.0,0.06151640624179414,0.013937354189750416,0.0,0.0,0.0,0.026621114494905264,0.0,0.0,0.0007972548314261258
Standard Chartered,KR,0.0,7.385153876681629,0.0,7.472244455339683,0.0,0.0,0.0,2.2412255055614043,29.47813647259335,0.0,13.935882969319811,0.0,18.880963305574216,3.194530755909977,0.0,0.0,0.0,10.854157200515512,0.0,0.0,1.8617203129823987
Standard Chartered,LT,0.0,8.661949383632911e-07,0.0,7.714479288546425e-07,0.0,0.0,0.0,2.0542662644046515e-07,3.4696902708248636e-06,0.0,8.091913186778092e-07,0.0,1.8584222699516604e-06,2.9334314053968986e-07,0.0,0.0,0.0,1.1668444742372425e-06,0.0,0.0,4.8887545921053805e-08
Standard Chartered,LU,0.0,6.25376823050313e-05,0.0,1.263850298773072e-05,0.0,0.0,0.0,2.060113230775497e-05,7.322110126931804e-05,0.0,5.817746720442091e-05,0.0,0.00052567388078189,2.9213112710160937e-05,0.0,0.0,0.0,5.5889066241460586e-05,0.0,0.0,4.534158154269218e-06
Standard Chartered,LV,0.0,5.168102082865727e-06,0.0,1.0271984347772998e-06,0.0,0.0,0.0,2.994675071431909e-07,4.3552375268892315e-06,0.0,1.2039004850498036e-06,0.0,5.5983740204901075e-06,4.3007669527393943e-07,0.0,0.0,0.0,1.2449759132313943e-06,0.0,0.0,4.695227830901231e-08
Standard Chartered,MT,0.0,6.717923521048504e-07,0.0,3.533344642290078e-07,0.0,0.0,0.0,1.9436392929629267e-07,1.5886570090321203e-06,0.0,7.336875331423401e-07,0.0,1.357720751569549e-06,2.77192885962658e-07,0.0,0.0,0.0,6.414690230649218e-07,0.0,0.0,6.119570414895117e-08
Standard Chartered,MX,0.0,0.00027062937270758353,0.0,4.541669920494337e-05,0.0,0.0,0.0,6.854441517825072e-06,0.00015033205752631185,0.0,5.76805670986112e-05,0.0,0.0002668171536581599,9.860669236495857e-06,0.0,0.0,0.0,0.00031995012153957533,0.0,0.0,3.2102703981491976e-06
Standard Chartered,NL,0.0,0.0035872032038583943,0.0,0.0009339532684083662,0.0,0.0,0.0,0.0002474500495062342,0.004040646470211191,0.0,0.0011231852267522381,0.0,0.004161665433684053,0.00035548792654145086,0.0,0.0,0.0,0.0009264482621649933,0.0,0.0,8.582390428036778e-05
Standard Chartered,NO,0.0,1.4263523429186418e-05,0.0,8.886787940605131e-06,0.0,0.0,0.0,3.4283872484412114e-06,4.197204960195596e-05,0.0,1.1382255711345364e-05,0.0,2.912831323197479e-05,4.885912662282983e-06,0.0,0.0,0.0,4.1241465772840036e-05,0.0,0.0,6.03857870300687e-07
Standard Chartered,PL,0.0,5.150291842354959e-05,0.0,2.9001636926867282e-05,0.0,0.0,0.0,1.0444461635409993e-05,0.00011410634073396319,0.0,4.504165928526735e-05,0.0,8.264444011612209e-05,1.4949260772877393e-05,0.0,0.0,0.0,4.052995023477371e-05,0.0,0.0,2.262823060606424e-06
Standard Chartered,PT,0.0,8.701297077913805e-06,0.0,6.824950390213877e-06,0.0,0.0,0.0,1.787708794830087e-06,2.4327064106334755e-05,0.0,9.220362794715502e-06,0.0,1.653402134883019e-05,2.5564709073995594e-06,0.0,0.0,0.0,5.828199259605832e-06,0.0,0.0,2.6254978280135763e-07
Standard Chartered,RO,0.0,4.182895339385025e-06,0.0,3.6761547535961292e-06,0.0,0.0,0.0,4.077459497709028e-07,1.6868969241883762e-05,0.0,1.6950962613150577e-06,0.0,7.997633443940972e-06,5.824862005228309e-07,0.0,0.0,0.0,4.097115024381957e-06,0.0,0.0,0.0
Standard Chartered,RU,0.0,0.0052173741487499,0.0,0.002967360587668224,0.0,0.0,0.0,2.353219179561336e-05,0.010021309324733104,0.0,0.0025907801605025258,0.0,0.010456642373171626,3.3670877860833025e-05,0.0,0.0,0.0,0.0031933033594855557,0.0,0.0,0.00020781984309652959
Standard Chartered,SE,0.0,0.0002528269014181483,0.0,5.1726448523852525e-05,0.0,0.0,0.0,2.2516017384494627e-05,0.00023213807502495107,0.0,0.0001048657072040299,0.0,0.00029781567186510315,3.235707886683108e-05,0.0,0.0,0.0,9.199476633540057e-05,0.0,0.0,1.3119063227529348e-05
Standard Chartered,SI,0.0,1.29711572838032e-06,0.0,1.1301213698968553e-06,0.0,0.0,0.0,3.850602270665449e-07,4.801359255507232e-06,0.0,1.670272432346161e-06,0.0,2.444338487083695e-06,5.493545338084342e-07,0.0,0.0,0.0,1.2681911273823715e-06,0.0,0.0,1.263564385121047e-07
Standard Chartered,SK,0.0,3.1354445467620896e-06,0.0,1.5778985528351436e-06,0.0,0.0,0.0,1.2251996160538599e-06,8.585644654155957e-06,0.0,3.1338706375644135e-06,0.0,4.521613122813867e-06,1.7456837662146204e-06,0.0,0.0,0.0,3.5142242876281324e-06,0.0,0.0,8.261524995497072e-08
Standard Chartered,TR,0.0,0.00011801318754992832,0.0,8.365269387164057e-05,0.0,0.0,0.0,5.586489488024539e-05,0.0003415563209741843,0.0,0.0001942285380871543,0.0,0.00025843746753186303,7.961653324293445e-05,0.0,0.0,0.0,0.000219863668107964,0.0,0.0,7.866174974993434e-06
Standard Chartered,TW,0.0,0.0005479024891492913,0.0,0.00020630584199401214,0.0,0.0,0.0,9.92057499798838e-05,0.0007544619595962677,0.0,0.0004060657229713827,0.0,0.0018396117482168588,0.00014240634970473964,0.0,0.0,0.0,0.0006696103675624363,0.0,0.0,1.3218324774159241e-05
Standard Chartered,US,0.0,52.207255503804674,0.0,6.687070076168411,0.0,0.0,0.0,12.791451955424664,41.548962496270605,0.0,37.7060135907934,0.0,85.34716472093098,18.279561960422978,0.0,0.0,0.0,45.9219903379803,0.0,0.0,2.8851761809925183
Standard Chartered,WA,0.0,35.859889294574735,0.0,14.313361793715375,0.0,0.0,0.0,11.518318404737574,60.695629114232915,0.0,41.227483527161226,0.0,83.04151035664353,16.47527464912406,0.0,0.0,0.0,48.250914495193236,0.0,0.0,2.6223368841361285
Standard Chartered,WE,0.0,0.00010040674763487416,0.0,0.00015929866744654992,0.0,0.0,0.0,1.4209175939547474e-05,0.0007120190189785577,0.0,9.494028836095708e-05,0.0,0.00028925616099121536,2.0266583834866383e-05,0.0,0.0,0.0,0.0003404879251676675,0.0,0.0,8.722625754242868e-06
Standard Chartered,WF,0.0,0.0001251347410417596,0.0,0.00034508323395576035,0.0,0.0,0.0,1.1947059258845158e-05,0.0010883754856635948,0.0,0.00031004706288176076,0.0,0.0006442747551885492,1.705017721129688e-05,0.0,0.0,0.0,0.0011003684300035473,0.0,0.0,7.5558604781299035e-06
Standard Chartered,WL,0.0,0.0012323529917458997,0.0,0.0005876302513441143,0.0,0.0,0.0,0.00013496223335275606,0.0026247890226822803,0.0,0.000836265148225293,0.0,0.004234104130188334,0.00019319513224752612,0.0,0.0,0.0,0.0040636033298448535,0.0,0.0,0.00013870202110631384
Standard Chartered,WM,0.0,0.002894974280840474,0.0,0.0015721146884215525,0.0,0.0,0.0,0.0002484392139418004,0.006546275177993979,0.0,0.001556549845417567,0.0,0.006424850969838677,0.00035606911499726267,0.0,0.0,0.0,0.0035014545492593387,0.0,0.0,0.00015500633063960935
Standard Chartered,ZA,0.0,5.045631189125248e-05,0.0,4.3663961924671697e-05,0.0,0.0,0.0,1.4574117151059586e-05,0.00018601303226912358,0.0,6.261297237446478e-05,0.0,0.00018555091407710184,2.0775591567120766e-05,0.0,0.0,0.0,9.265822508548476e-05,0.0,0.0,4.840549756160801e-06
